"Date","Price","Earnings","Earnings_10MA_back","Return_cumul","Return_10_fwd"
1871,85.22,7.68,NA,1,0.13051268020414
1871.08,83.81,7.45,NA,0.99,0.130649904966584
1871.17,84.61,7.34,NA,1,0.131173993962994
1871.25,90.29,7.62,NA,1.07,0.122559873143159
1871.33,94.73,7.8,NA,1.13,0.122851712607348
1871.42,95.43,7.92,NA,1.15,0.122737748077798
1871.5,93.64,7.92,NA,1.13,0.120012493858237
1871.58,96.35,8.05,NA,1.17,0.111589418362302
1871.67,95.07,7.86,NA,1.16,0.109874289231335
1871.75,88.78,7.74,NA,1.09,0.114404705951823
1871.83,89.74,7.74,NA,1.1,0.115444883802484
1871.92,89.61,7.56,NA,1.11,0.111687442519738
1872,91.88,7.61,NA,1.14,0.107682873991032
1872.08,92.26,7.66,NA,1.15,0.103532905477226
1872.17,93.87,7.59,NA,1.17,0.101989005929004
1872.25,94.38,7.47,NA,1.19,0.0997662189461248
1872.33,94.38,7.52,NA,1.19,0.0979677062662963
1872.42,94.15,7.62,NA,1.19,0.0968757354356
1872.5,94.99,7.78,NA,1.21,0.102483164307992
1872.58,93.18,7.76,NA,1.19,0.107044028522591
1872.67,90.85,7.75,NA,1.17,0.113552829614429
1872.75,93.26,7.97,NA,1.21,0.108187208716896
1872.83,90.19,7.79,NA,1.17,0.108584490079529
1872.92,93.73,7.95,NA,1.22,0.106288754130955
1873,94.47,8,NA,1.24,0.104161190116198
1873.08,93.16,7.87,NA,1.23,0.102041184675012
1873.17,92.43,7.91,NA,1.22,0.105958074241638
1873.25,91.17,7.96,NA,1.21,0.110782612223393
1873.33,93.36,8.18,NA,1.25,0.106855451008996
1873.42,94.86,8.48,NA,1.28,0.108943074699816
1873.5,94.67,8.52,NA,1.28,0.109863746661696
1873.58,94.67,8.57,NA,1.29,0.104647137931972
1873.67,87.43,8.62,NA,1.2,0.11550154995644
1873.75,81.67,8.87,NA,1.12,0.120688723845649
1873.83,81.26,9.2,NA,1.13,0.123163226666303
1873.92,86.82,9.04,NA,1.21,0.11237744566149
1874,90.13,8.9,NA,1.26,0.105008340617221
1874.08,92.84,8.9,NA,1.31,0.104206605902231
1874.17,91.48,8.9,NA,1.3,0.105365717491092
1874.25,90.36,9.04,NA,1.29,0.104012463903148
1874.33,88.7,9.11,NA,1.27,0.099194136836581
1874.42,90.44,9.33,NA,1.31,0.0920476250322193
1874.5,89.71,9.25,NA,1.3,0.0946018252905461
1874.58,90.64,9.33,NA,1.33,0.0993709272461349
1874.67,92.06,9.33,NA,1.35,0.0961204824255684
1874.75,93.36,9.48,NA,1.38,0.0917567852390324
1874.83,94.96,9.56,NA,1.41,0.0903917814075801
1874.92,94.34,9.56,NA,1.41,0.0920084034096695
1875,94.34,9.39,NA,1.42,0.0892957576545557
1875.08,94.13,9.21,NA,1.43,0.0914298020886373
1875.17,95.38,9.04,NA,1.46,0.0923006320651876
1875.25,95.83,8.79,NA,1.47,0.0906240515512695
1875.33,94.45,8.84,NA,1.46,0.0932254017182372
1875.42,94.13,8.81,NA,1.46,0.0959582263852172
1875.5,94.34,8.63,NA,1.47,0.0984670925291289
1875.58,93.97,8.38,NA,1.48,0.104259433447154
1875.67,93.91,8.27,NA,1.48,0.104811702370165
1875.75,92.41,8.1,NA,1.47,0.112267446050629
1875.83,94.72,7.98,NA,1.51,0.115381807552327
1875.92,95.55,7.87,NA,1.54,0.110184958582016
1876,98.37,7.79,NA,1.59,0.109638557090554
1876.08,99.69,7.65,NA,1.62,0.11000333011692
1876.17,99.47,7.5,NA,1.63,0.108837199619084
1876.25,96.57,7.42,NA,1.59,0.111838110096142
1876.33,96.42,7.54,NA,1.59,0.112803253341772
1876.42,98.44,7.59,NA,1.64,0.116123174033904
1876.5,97.25,7.43,NA,1.63,0.11748514703811
1876.58,92.35,7.21,NA,1.56,0.12217408495208
1876.67,85.91,6.98,NA,1.46,0.133017173507803
1876.75,83.89,6.7,NA,1.43,0.138456825322459
1876.83,81.55,6.49,NA,1.4,0.144103789300355
1876.92,79.66,6.23,NA,1.38,0.141858859130532
1877,77.62,6.16,NA,1.35,0.140573879904185
1877.08,74.98,6.36,NA,1.32,0.141539055294046
1877.17,74.49,6.7,NA,1.32,0.144496279220446
1877.25,67.2,6.55,NA,1.2,0.158374332295862
1877.33,66,6.47,NA,1.18,0.162745105818753
1877.42,64.76,6.88,NA,1.17,0.162197637406846
1877.5,66.97,6.85,NA,1.22,0.156239466445731
1877.58,74.45,7.16,NA,1.36,0.139958819186741
1877.67,79.87,7.27,NA,1.47,0.131351102313831
1877.75,81.59,7.31,NA,1.51,0.123535609163071
1877.83,81.97,7.5,NA,1.53,0.123441505740267
1877.92,81.72,7.54,NA,1.53,0.120659421346528
1878,84.24,7.8,NA,1.58,0.117061492385491
1878.08,83.29,7.9,NA,1.57,0.118702834788811
1878.17,86.66,8.09,NA,1.64,0.110079817759177
1878.25,90.03,8.2,NA,1.72,0.106920718387298
1878.33,93.31,8.5,NA,1.79,0.105721063561384
1878.42,97.43,8.71,NA,1.87,0.0990826368107809
1878.5,98.31,8.64,NA,1.9,0.0993709272461349
1878.58,96.38,8.57,NA,1.87,0.103789379574979
1878.67,98.34,8.59,NA,1.92,0.104126749117462
1878.75,98.31,8.71,NA,1.92,0.102622612568353
1878.83,99.14,8.83,NA,1.95,0.0976327555190746
1878.92,100.87,9.06,NA,1.99,0.0938472380662412
1879,103.46,9.13,NA,2.05,0.096916749902606
1879.08,106,9.19,NA,2.11,0.0966832403505027
1879.17,105.49,9.46,NA,2.11,0.0960620643981547
1879.25,110.22,9.74,NA,2.21,0.0912049812597056
1879.33,115.19,9.92,NA,2.32,0.0919239260961306
1879.42,117.14,10.21,NA,2.37,0.091723480170665
1879.5,118.12,10.26,NA,2.4,0.0886171251191366
1879.58,118.99,10.43,NA,2.43,0.0889974384550143
1879.67,119.22,10.24,NA,2.44,0.0902569748827748
1879.75,125.18,9.85,NA,2.57,0.0829145108934839
1879.83,125.21,9.5,NA,2.58,0.0819229550989025
1879.92,121.28,9.37,NA,2.51,0.083168565070419
1880,122.36,9.32,NA,2.54,0.0862611356249818
1880.08,124.52,9.54,NA,2.59,0.0832090303768207
1880.17,125.72,9.67,NA,2.63,0.0811740525860969
1880.25,127.69,10.27,NA,2.68,0.0817433976844195
1880.33,121.15,10.81,NA,2.55,0.0905983870913494
1880.42,124.16,11.28,NA,2.62,0.0872900364692508
1880.5,129.87,11.51,NA,2.76,0.0812866050809198
1880.58,134.53,11.75,NA,2.87,0.0710242295512891
1880.67,132.9,11.87,NA,2.84,0.0692948232938986
1880.75,136.75,12.1,NA,2.94,0.0611002825740328
1880.83,142.48,12.21,NA,3.07,0.0514459642144065
1880.92,146.84,12.32,NA,3.18,0.0456658550113276
1881,157.21,12.34,8.51,3.41,0.0454799907007644
1881.08,155.13,12.11,8.55,3.38,0.0467969670833943
1881.17,156.89,12.01,8.59,3.43,0.0424876586975644
1881.25,154.84,11.78,8.63,3.4,0.0459834890337358
1881.33,163.43,11.8,8.66,3.6,0.0411867349961841
1881.42,165.44,11.69,8.69,3.66,0.0402359876900549
1881.5,158.08,11.47,8.73,3.51,0.044598195587457
1881.58,151.35,11.15,8.76,3.37,0.0526593428831748
1881.67,146.87,10.63,8.78,3.29,0.0650727116378915
1881.75,143.18,10.44,8.8,3.22,0.0677106674945487
1881.83,145.46,10.44,8.83,3.28,0.0659130409846616
1881.92,141.23,10.34,8.85,3.2,0.0721079216792075
1882,139.11,10.32,8.87,3.17,0.0781906968359802
1882.08,134.8,10.2,8.9,3.08,0.0819415395716503
1882.17,134.56,10.19,8.92,3.09,0.0859830922841813
1882.25,133.33,10.07,8.94,3.08,0.087866322974443
1882.33,130.52,9.96,8.96,3.03,0.0901046233437881
1882.42,128.66,9.85,8.98,3,0.0908855190628297
1882.5,137.15,9.92,9,3.21,0.0810836537561714
1882.58,139.99,9.82,9.02,3.29,0.0788869567489825
1882.67,145.27,10.07,9.03,3.43,0.0720855237422995
1882.75,142.64,10.14,9.05,3.38,0.0762848861039676
1882.83,137.81,10.22,9.07,3.28,0.0767336587541259
1882.92,139.84,10.3,9.09,3.35,0.0722523968750663
1883,139.13,10.24,9.11,3.34,0.0709685219040315
1883.08,134.73,10.08,9.13,3.25,0.0711120760316855
1883.17,137.69,10.12,9.15,3.34,0.0671939406247315
1883.25,141.92,10.15,9.17,3.46,0.0650836692836956
1883.33,140.85,10.19,9.18,3.45,0.0574256032951679
1883.42,146.33,10.43,9.2,3.6,0.0508204064886209
1883.5,147.01,10.58,9.22,3.63,0.0429940973742213
1883.58,140.34,10.52,9.23,3.49,0.0493546759487602
1883.67,143.34,10.56,9.25,3.58,0.0501539785360685
1883.75,139.46,10.5,9.27,3.5,0.0546729841609543
1883.83,143,10.54,9.28,3.61,0.0562524730162386
1883.92,138.42,10.37,9.29,3.51,0.0575139998379655
1884,134.27,10.17,9.3,3.42,0.0614671283229395
1884.08,137.9,9.98,9.31,3.53,0.0614714861975467
1884.17,137.38,9.79,9.32,3.54,0.0677709748003521
1884.25,133.92,9.79,9.33,3.47,0.0717734625362931
1884.33,125.72,9.8,9.34,3.27,0.0745273565885285
1884.42,120.58,9.6,9.34,3.16,0.0772424433257539
1884.5,121.89,9.5,9.34,3.21,0.0737601239172008
1884.58,129.54,9.29,9.35,3.43,0.0681246575744263
1884.67,126.82,9.19,9.35,3.38,0.0703379235789836
1884.75,124.04,9.08,9.35,3.32,0.072256715828438
1884.83,124.29,9.07,9.34,3.35,0.0717734625362931
1884.92,125.43,8.96,9.34,3.4,0.0711413324629917
1885,122.54,8.86,9.33,3.34,0.0722538279228688
1885.08,124.86,8.67,9.33,3.43,0.0682856531065323
1885.17,128.06,8.77,9.32,3.53,0.0657003609030526
1885.25,126.3,8.57,9.32,3.5,0.0669297064828218
1885.33,127.79,8.68,9.32,3.56,0.069800305987626
1885.42,130.26,8.79,9.32,3.65,0.0680451820388452
1885.5,133.5,8.58,9.32,3.76,0.0671229623413638
1885.58,140.98,8.48,9.32,3.99,0.0642900549393304
1885.67,140.86,8.48,9.32,4.01,0.064754677057284
1885.75,149.04,8.38,9.32,4.26,0.0570594925955867
1885.83,156.85,8.18,9.32,4.5,0.0481223894689577
1885.92,152.03,7.89,9.32,4.38,0.0464958200964332
1886,155.65,8.23,9.32,4.5,0.0442745541347955
1886.08,158.64,8.38,9.33,4.6,0.0481223894689577
1886.17,157.22,8.63,9.33,4.58,0.0472898470464613
1886.25,156.99,8.89,9.34,4.59,0.0499069041319959
1886.33,157.78,9.27,9.36,4.63,0.0505308765950148
1886.42,167.09,9.55,9.37,4.92,0.0441680739902586
1886.5,167.52,9.59,9.39,4.95,0.0368750878864446
1886.58,166.69,9.62,9.4,4.94,0.0315571527106144
1886.67,171.04,9.78,9.43,5.09,0.0341325811546636
1886.75,175.38,9.93,9.45,5.23,0.0308950507914081
1886.83,179.73,10.09,9.48,5.38,0.0321133811126773
1886.92,172.94,10.12,9.51,5.2,0.0322133860113927
1887,167.02,9.95,9.54,5.03,0.0389387632401146
1887.08,163.88,9.91,9.57,4.96,0.0398297288775125
1887.17,167.72,9.98,9.6,5.09,0.0377075357370891
1887.25,171.57,10.06,9.63,5.22,0.0338227565161673
1887.33,174.53,10.13,9.66,5.33,0.0340532558199431
1887.42,171.51,10.33,9.69,5.26,0.0405850971030803
1887.5,169.34,10.53,9.71,5.21,0.0463997155149525
1887.58,163.13,10.48,9.75,5.04,0.052158936514564
1887.67,162.98,10.68,9.77,5.05,0.0543115017709124
1887.75,155.65,10.63,9.8,4.84,0.0571818745036006
1887.83,156.78,10.58,9.83,4.9,0.0523238365710763
1887.92,152.31,10.4,9.85,4.78,0.0576202465545415
1888,151.72,10.05,9.88,4.78,0.0607375348997203
1888.08,152.59,9.92,9.9,4.82,0.0584936382853924
1888.17,146.81,9.68,9.91,4.66,0.0574921914205155
1888.25,149.11,9.55,9.93,4.75,0.0540379408834695
1888.33,152.93,9.42,9.94,4.89,0.0508498549363725
1888.42,149.96,9.28,9.95,4.81,0.06418294218855
1888.5,152.04,8.92,9.95,4.9,0.0644432232831145
1888.58,155.3,8.68,9.95,5.02,0.0660886583935079
1888.67,159.14,8.43,9.95,5.17,0.0630660181286757
1888.75,156.42,8.09,9.95,5.1,0.0626018489694051
1888.83,151.44,7.75,9.95,4.95,0.069588324403477
1888.92,148.55,7.51,9.94,4.88,0.0764043302220427
1889,156.85,7.88,9.93,5.17,0.0783275844352962
1889.08,160.55,8.08,9.92,5.31,0.0768124404445956
1889.17,159.14,8.28,9.91,5.28,0.0792479948117395
1889.25,158.83,8.38,9.9,5.29,0.0791390884394336
1889.33,167.2,8.7,9.88,5.59,0.068960376041761
1889.42,170.03,8.8,9.87,5.7,0.0632988680705786
1889.5,166.58,8.9,9.86,5.61,0.0674943619858646
1889.58,168.78,9.01,9.85,5.7,0.0673681677221503
1889.67,170.73,9,9.84,5.79,0.0608250651258262
1889.75,167.62,9.1,9.83,5.7,0.0609532240956561
1889.83,166.07,9.21,9.82,5.67,0.0624371517121105
1889.92,163.13,9.2,9.82,5.58,0.0556463266592468
1890,169.09,9.4,9.82,5.81,0.0531320947753775
1890.08,167.2,9.38,9.82,5.76,0.0550116648910124
1890.17,165.95,9.35,9.82,5.74,0.0565525896633301
1890.25,169.4,9.33,9.82,5.88,0.0556923705878369
1890.33,174.45,9.18,9.81,6.07,0.0501338321176958
1890.42,173.21,9.16,9.79,6.05,0.0489854016134241
1890.5,171.97,9.13,9.78,6.03,0.0483611442959737
1890.58,161.94,8.78,9.76,5.7,0.0573979114852066
1890.67,157.37,8.65,9.73,5.55,0.0568745329549367
1890.75,150.27,8.63,9.71,5.32,0.0668373392444037
1890.83,142.68,8.81,9.68,5.07,0.0805340887511021
1890.92,139.35,8.79,9.65,4.97,0.0907775633015406
1891,148.41,9.02,9.62,5.32,0.0855540872437035
1891.08,148.44,9.04,9.59,5.34,0.0895532169530104
1891.17,143.98,9.05,9.57,5.2,0.0967146132403731
1891.25,147.02,9.07,9.54,5.33,0.104571102604271
1891.33,148.17,9.3,9.52,5.39,0.0980147576567914
1891.42,148.71,9.66,9.5,5.43,0.107981743724433
1891.5,148.07,9.91,9.48,5.43,0.0993420006188435
1891.58,153.03,10.04,9.47,5.63,0.0958413719439206
1891.67,167.52,10.29,9.46,6.18,0.0841984912734468
1891.75,167.52,10.43,9.46,6.2,0.0829855810627531
1891.83,167.09,10.69,9.46,6.21,0.0841414562340614
1891.92,172.18,10.82,9.46,6.42,0.0778751086021277
1892,179.92,11.18,9.46,6.73,0.0766873061972841
1892.08,180.25,11.27,9.47,6.77,0.0773407462906897
1892.17,187.07,11.65,9.48,7.05,0.0734341064424138
1892.25,189.26,11.89,9.49,7.15,0.0745880369052774
1892.33,189.26,11.98,9.5,7.18,0.0729616934947965
1892.42,188.24,12.06,9.52,7.16,0.0716985944907702
1892.5,183.28,11.83,9.54,7,0.0768688178001098
1892.58,183.51,11.76,9.56,7.03,0.0808703673354965
1892.67,178.94,11.84,9.57,6.88,0.082494042690018
1892.75,182.53,11.92,9.59,7.05,0.0694709613233593
1892.83,177.28,11.7,9.6,6.87,0.0720072446026452
1892.92,173.18,11.63,9.61,6.73,0.0708943324847908
1893,169.95,10.93,9.63,6.63,0.0769922315156544
1893.08,164.93,10.53,9.63,6.46,0.0794827203180675
1893.17,162.82,10.5,9.63,6.4,0.080178706017443
1893.25,164.83,10.35,9.64,6.5,0.0743828984752872
1893.33,152.12,10.19,9.64,6.03,0.0832869724328449
1893.42,148.6,10.15,9.64,5.91,0.0796673372784118
1893.5,138.29,10.12,9.64,5.53,0.0822506552548903
1893.58,140.53,10.22,9.63,5.65,0.0768792040659865
1893.67,144.57,9.51,9.63,5.84,0.0699239374001475
1893.75,146.94,9.09,9.62,5.96,0.0659694744235217
1893.83,153.21,9.02,9.61,6.24,0.0631366092472625
1893.92,149.84,8.83,9.6,6.14,0.0701919993744837
1894,150.86,8.79,9.58,6.21,0.0687141682427683
1894.08,155.11,8.62,9.57,6.41,0.0604669249124161
1894.17,164.34,8.56,9.56,6.82,0.0552754791858832
1894.25,166.53,8.26,9.55,6.94,0.0576005810577616
1894.33,160.33,7.95,9.54,6.71,0.061867658675568
1894.42,158.15,7.65,9.52,6.65,0.063428625712741
1894.5,154.87,7.35,9.51,6.54,0.069956994204712
1894.58,156.17,6.85,9.49,6.63,0.0712063210180816
1894.67,156.45,6.46,9.47,6.67,0.0743957162188151
1894.75,155.89,6.35,9.45,6.67,0.0808964195321293
1894.83,155.89,6.05,9.42,6.7,0.0840032616605184
1894.92,156.69,5.83,9.4,6.76,0.0844717711976986
1895,154.87,6.1,9.37,6.71,0.0878887691234103
1895.08,152.68,6.38,9.35,6.64,0.0940954388205633
1895.17,152.68,6.65,9.33,6.67,0.0982048875050971
1895.25,152.61,6.64,9.31,6.69,0.0968396594446912
1895.33,158.78,6.8,9.3,6.99,0.0881556909529648
1895.42,159.69,6.97,9.28,7.05,0.088819262953967
1895.5,162.57,7.32,9.27,7.2,0.0902234947017984
1895.58,167.27,7.68,9.25,7.44,0.0897324477550048
1895.67,168.32,7.94,9.25,7.51,0.0906182424956501
1895.75,165.88,8.21,9.24,7.42,0.0937523455136431
1895.83,160.29,8.47,9.24,7.2,0.0955312727056083
1895.92,152.99,8.85,9.24,6.9,0.101970397693536
1896,153.38,8.86,9.25,6.94,0.105434986903775
1896.08,162.16,8.87,9.26,7.36,0.0984928906961096
1896.17,159.61,8.75,9.26,7.27,0.0974266981851959
1896.25,163.43,8.75,9.26,7.47,0.0933182730181883
1896.33,165.12,8.76,9.26,7.58,0.0878884006480201
1896.42,164.58,8.76,9.26,7.58,0.0896677898004858
1896.5,153.91,8.64,9.25,7.11,0.0978851140049075
1896.58,145.15,8.51,9.24,6.74,0.109548523867129
1896.67,152.77,8.38,9.23,7.12,0.105944121546235
1896.75,151.6,8.01,9.22,7.09,0.100955506307614
1896.83,157.33,7.66,9.21,7.38,0.0979613229657834
1896.92,151.58,7.54,9.19,7.14,0.0998257156187696
1897,156.04,8.07,9.16,7.37,0.094732694179557
1897.08,154.56,8.38,9.15,7.33,0.0899197236979601
1897.17,154.93,8.69,9.14,7.37,0.0797194974663935
1897.25,152.36,9.13,9.13,7.28,0.0819968471168753
1897.33,155.43,9.59,9.12,7.45,0.0739120896734657
1897.42,162.67,9.9,9.11,7.83,0.0644335656493229
1897.5,169.91,10.22,9.11,8.2,0.0640097292167181
1897.58,173.09,10.08,9.11,8.38,0.0539319810418464
1897.67,176.36,10.09,9.1,8.57,0.0509765287365629
1897.75,173.13,10.54,9.1,8.44,0.040056078745309
1897.83,167.02,10.84,9.1,8.16,0.0421429424949735
1897.92,170.62,11.13,9.1,8.37,0.0475575148250778
1898,175.29,11.25,9.11,8.62,0.0505887430927152
1898.08,172.46,11.22,9.12,8.51,0.0497581668001574
1898.17,164.67,11.33,9.13,8.15,0.0590856709733785
1898.25,161.84,11.45,9.14,8.04,0.0654072760417039
1898.33,161.12,10.81,9.16,8.03,0.07163991651426
1898.42,179.19,11.69,9.17,8.96,0.0606193644679751
1898.5,182.47,11.97,9.19,9.15,0.0615024296200419
1898.58,189.29,12.09,9.21,9.52,0.0622241775314505
1898.67,188.94,12.21,9.24,9.53,0.0613783124138083
1898.75,184.98,12.33,9.27,9.36,0.0638426375421715
1898.83,191.09,12.45,9.31,9.7,0.0662900584785258
1898.92,200.09,12.39,9.35,10.19,0.0627060818335294
1899,215.31,12.78,9.39,10.99,0.0565492078888279
1899.08,217.34,12.8,9.43,11.13,0.0514413058602639
1899.17,220.44,13.17,9.47,11.32,0.0514763719542262
1899.25,220.18,13.36,9.51,11.33,0.054216345218441
1899.33,211,13.73,9.55,10.89,0.0611771822608502
1899.42,203.49,13.91,9.59,10.53,0.0658789679698852
1899.5,207.76,14.09,9.64,10.78,0.0652862675199879
1899.58,210.29,14.26,9.68,10.94,0.0655387228972986
1899.67,200.2,14.06,9.72,10.45,0.0698607772216144
1899.75,196.8,14.23,9.77,10.3,0.0700968178461363
1899.83,198.08,14.39,9.81,10.39,0.0680007018943827
1899.92,182.37,14.54,9.85,9.59,0.0772345039662969
1900,184.79,14.54,9.9,9.75,0.0745441083331946
1900.08,185.88,14.37,9.94,9.84,0.0700731136308073
1900.17,187.38,14.37,9.98,9.95,0.0698186087224166
1900.25,189.77,14.37,10.02,10.11,0.0649558842792528
1900.33,185.2,14.72,10.06,9.9,0.0678667726635773
1900.42,181.9,14.9,10.11,9.76,0.0655748971426098
1900.5,179.68,14.72,10.16,9.67,0.061535515318724
1900.58,184.39,14.9,10.2,9.96,0.0624300675174745
1900.67,177.84,14.72,10.26,9.65,0.0679933638832757
1900.75,186.56,14.9,10.31,10.16,0.0709265411724374
1900.83,201.15,14.9,10.36,11,0.0649560884207137
1900.92,215.92,15.09,10.41,11.85,0.0545220615776121
1901,219.46,14.95,10.46,12.09,0.0554005110170659
1901.08,227.86,15.19,10.51,12.59,0.0566777703130164
1901.17,236.03,15.24,10.56,13.09,0.0506764719545993
1901.25,259.07,15.49,10.61,14.41,0.0439290304440869
1901.33,246.02,15.54,10.67,13.73,0.0517024602074694
1901.42,270.53,15.6,10.72,15.14,0.0439195978389122
1901.5,249.23,15.45,10.77,14,0.0509879298314686
1901.58,249.57,15.31,10.81,14.06,0.0425587881483367
1901.67,245.3,15.18,10.86,13.87,0.037537473952366
1901.75,242.54,15.23,10.9,13.76,0.0393950862611392
1901.83,244.77,15.1,10.94,13.93,0.043772038593902
1901.92,237.96,14.97,10.98,13.59,0.048343911693852
1902,245.98,15.47,11.01,14.09,0.0440344479805996
1902.08,248.1,15.8,11.05,14.26,0.0412335956641225
1902.17,248.41,16.13,11.08,14.32,0.0420565005813878
1902.25,253.83,16.26,11.12,14.68,0.0400000665131144
1902.33,250.25,16.39,11.16,14.52,0.0414753316574135
1902.42,245.88,16.52,11.19,14.31,0.0444202027062743
1902.5,251.43,16.83,11.23,14.68,0.0423217492124397
1902.58,261.2,17.35,11.27,15.3,0.0397805775705609
1902.67,258.74,17.47,11.32,15.2,0.0403705139155917
1902.75,234.22,16.62,11.37,13.8,0.0507043898712134
1902.83,232.79,17.49,11.41,13.77,0.0501876656037057
1902.92,224.89,17.6,11.45,13.35,0.0510299868079915
1903,233.75,17.18,11.5,13.92,0.0452060663608469
1903.08,232.37,16.95,11.56,13.88,0.0421772816382784
1903.17,230.86,17.29,11.61,13.84,0.0409777439829546
1903.25,221.43,17.05,11.67,13.32,0.0453251215785657
1903.33,222.2,17.2,11.72,13.42,0.0432273018197671
1903.42,209.92,16.96,11.78,12.72,0.0428440937271632
1903.5,200.27,16.71,11.84,12.19,0.0481546283119498
1903.58,193.84,16.47,11.89,11.85,0.0544173475964427
1903.67,186.99,16.04,11.94,11.48,0.0581870504250064
1903.75,183.02,15.98,12,11.29,0.0570340008202455
1903.83,185.77,15.92,12.06,11.51,0.0517863661463753
1903.92,194.34,15.68,12.11,12.1,0.0479598604434377
1904,193.06,15.22,12.17,12.07,0.0529491252143872
1904.08,183.63,14.78,12.22,11.53,0.0607243000981923
1904.17,185.15,14.86,12.28,11.68,0.0578154639170443
1904.25,191.9,14.93,12.33,12.15,0.0526693451391196
1904.33,192.27,15.18,12.38,12.23,0.0520305381872741
1904.42,192.57,15.09,12.44,12.3,0.0513785022058457
1904.5,200.56,14.99,12.51,12.86,0.0402404566239956
1904.58,204.95,14.71,12.57,13.19,0.0360752644802347
1904.67,211.55,14.45,12.64,13.67,0.0328169281932735
1904.75,223.98,14.35,12.7,14.52,0.0281178250933145
1904.83,230.81,13.94,12.77,15.01,0.0241751175801379
1904.92,233.07,13.84,12.83,15.21,0.0198298524227976
1905,238.16,14.27,12.9,15.58,0.0196130089537252
1905.08,248.61,14.69,12.97,16.32,0.0150534367976758
1905.17,258.58,15.29,13.04,17.02,0.014833360941412
1905.25,255.43,15.71,13.11,16.86,0.022637939703654
1905.33,245.65,16.33,13.19,16.27,0.0232794203990592
1905.42,248.54,16.76,13.27,16.51,0.0234167029028876
1905.5,256.35,17.2,13.35,17.08,0.0199979193923114
1905.58,262.86,17.43,13.43,17.57,0.021806058111824
1905.67,266.75,18.06,13.51,17.88,0.0241553411709126
1905.75,270.51,18.5,13.6,18.18,0.0273455678624799
1905.83,266.01,18.71,13.68,17.93,0.0317122317727325
1905.92,269.52,18.93,13.77,18.22,0.0306453141813421
1906,278.84,19.14,13.85,18.91,0.0246335627529304
1906.08,276.86,19.35,13.94,18.83,0.0240434881228748
1906.17,270.08,19.56,14.02,18.42,0.0253942156348463
1906.25,266.41,19.78,14.11,18.23,0.0247980302544939
1906.33,256.46,19.77,14.21,17.6,0.0301613202840523
1906.42,259.82,19.98,14.3,17.89,0.0289556628514351
1906.5,261.84,20.88,14.39,18.09,0.0268583131712112
1906.58,274.88,20.62,14.49,19.06,0.0218115911162657
1906.67,280.21,20.6,14.59,19.49,0.0222183771900482
1906.75,265.92,20.36,14.7,18.55,0.0290472204591463
1906.83,268.47,20.34,14.8,18.79,0.0287194873916317
1906.92,263.2,20.33,14.9,18.49,0.0257821730028958
1907,258.46,20.32,15.01,18.22,0.0244575353420013
1907.08,245.08,19.67,15.11,17.34,0.0215463171976629
1907.17,223.35,19.66,15.21,15.87,0.0343220557339834
1907.25,224.42,19.44,15.3,16.01,0.0274043855124131
1907.33,212.15,18.81,15.38,15.2,0.0281829041130113
1907.42,203.22,18.4,15.46,14.62,0.0332658068108485
1907.5,211,18.19,15.53,15.25,0.0282542676633433
1907.58,195.19,17.97,15.6,14.17,0.0317535623511216
1907.67,193.11,17.76,15.66,14.09,0.02558728745231
1907.75,170.36,17.36,15.73,12.5,0.0314079236597691
1907.83,167.18,17.88,15.78,12.33,0.0247175284199002
1907.92,179.56,18.04,15.84,13.32,0.0126217987960224
1908,189.27,18.05,15.9,14.12,0.0113051969533879
1908.08,184.39,18.07,15.96,13.83,0.0164434510386637
1908.17,191.93,17.88,16.01,14.47,0.0112949341871138
1908.25,200.04,17.5,16.07,15.15,0.00503298231524552
1908.33,210.82,17.32,16.12,16.04,0.00105482927240397
1908.42,211.09,17.13,16.17,16.14,-0.000123984889570217
1908.5,216.45,16.76,16.22,16.62,-0.00423128931343308
1908.58,225.74,16.58,16.26,17.41,-0.00921866704826946
1908.67,223.28,16.4,16.3,17.29,-0.0102964861461164
1908.75,223.59,16.04,16.33,17.38,-0.00792952118268442
1908.83,236.19,15.69,16.36,18.43,-0.0125097802342595
1908.92,239,15.35,16.39,18.72,-0.0166287499782809
1909,242.34,15.92,16.41,19.05,-0.0184076842663902
1909.08,232.91,16.14,16.44,18.38,-0.0121199737905094
1909.17,236.08,16.54,16.47,18.7,-0.0114848287223792
1909.25,241.59,16.59,16.5,19.21,-0.0121473808601359
1909.33,247.07,16.81,16.52,19.72,-0.00880973132818874
1909.42,248.89,17.02,16.55,19.93,-0.0067225965236245
1909.5,252.45,17.4,16.57,20.29,-0.00775659149978614
1909.58,255.96,17.6,16.6,20.64,-0.0174975522674288
1909.67,253.68,17.8,16.63,20.53,-0.0155049061248246
1909.75,249.73,17.82,16.66,20.28,-0.0105458181999226
1909.83,246.12,18.01,16.69,20.06,-0.0141250496559084
1909.92,246.64,18.2,16.72,20.18,-0.0192804177225191
1910,243.7,18.31,16.75,20.01,-0.0210215252761183
1910.08,234.99,18.25,16.78,19.37,-0.0267484871751211
1910.17,236.25,17.85,16.82,19.54,-0.0214558694459388
1910.25,228.41,17.62,16.84,18.97,-0.0217840672171208
1910.33,228.92,17.9,16.87,19.09,-0.0296383521204756
1910.42,220,18.01,16.9,18.42,-0.0287458649253214
1910.5,208.88,17.95,16.92,17.57,-0.0232283447204755
1910.58,216.04,18.06,16.95,18.25,-0.0279155791740608
1910.67,219.64,18.18,16.98,18.63,-0.0245494095640957
1910.75,236.7,18.67,17.01,20.16,-0.0310916900488276
1910.83,241.33,18.99,17.04,20.64,-0.0373887300151763
1910.92,234.59,18.92,17.07,20.15,-0.0414892797596585
1911,240.29,18.62,17.1,20.73,-0.0375348551299418
1911.08,252.24,18.9,17.13,21.85,-0.0395817918589307
1911.17,246.67,18.39,17.16,21.46,-0.039244417021124
1911.25,253.62,18.67,17.19,22.15,-0.0402352250430253
1911.33,259.09,18.36,17.22,22.73,-0.037189061411282
1911.42,264.28,18.04,17.24,23.27,-0.0462661427637719
1911.5,260.36,17.53,17.26,23.02,-0.0454992965878332
1911.58,240.17,16.68,17.28,21.33,-0.0387942537047786
1911.67,224.74,16.2,17.29,20.05,-0.028795374022754
1911.75,226.03,15.9,17.3,20.25,-0.0278318225614835
1911.83,237.55,15.76,17.3,21.38,-0.0269436632652843
1911.92,241.11,15.62,17.31,21.79,-0.0243461968962665
1912,238.86,15.69,17.32,21.68,-0.0211911732891861
1912.08,234.33,15.77,17.32,21.36,-0.0170784792625726
1912.17,236.2,15.68,17.32,21.62,-0.0129908833130435
1912.25,236.4,15.45,17.31,21.73,-0.0071762846791924
1912.33,236.15,15.67,17.31,21.8,-0.00321114400673628
1912.42,238.49,16.06,17.3,22.1,-0.00504513968147391
1912.5,238.74,16.29,17.3,22.22,-0.00501726651781642
1912.58,241.82,16.35,17.29,22.6,-0.0013354302995211
1912.67,240.69,16.42,17.28,22.58,0.00175751399043578
1912.75,240.21,16.64,17.27,22.63,0.00356574572399304
1912.83,237.52,16.86,17.27,22.47,-0.000938533336810266
1912.92,231.22,17.26,17.27,21.96,0.00104245500921918
1913,227.02,16.95,17.27,21.66,0.00483348340514977
1913.08,218.97,16.8,17.26,20.98,0.0127340013625856
1913.17,214.82,16.66,17.26,20.68,0.016303549644523
1913.25,214.57,16.52,17.26,20.75,0.0122211762415649
1913.33,210.87,16.54,17.25,20.49,0.00908727950663346
1913.42,198.22,16.23,17.25,19.35,0.0108734232613024
1913.5,198.87,15.93,17.24,19.51,0.00598680176867594
1913.58,204.19,15.79,17.24,20.13,0.00447893261623
1913.67,204.06,15.49,17.23,20.21,0.00465154035537507
1913.75,197.6,15.35,17.23,19.66,0.0058940855209586
1913.83,190.67,15.06,17.22,19.07,0.0124418173702758
1913.92,192.34,15.07,17.21,19.33,0.0149852755398026
1914,200.23,14.85,17.21,20.22,0.0141920046348112
1914.08,204.92,14.78,17.2,20.79,0.0129296838302233
1914.17,201.05,14.56,17.2,20.49,0.0135415678683297
1914.25,198.22,14.48,17.2,20.3,0.013267823365529
1914.33,197.42,14.12,17.2,20.31,0.0133927808157661
1914.42,196.46,13.89,17.19,20.3,0.0158627595453935
1914.5,183.73,13.54,17.18,19.08,0.026732530254042
1914.58,180.13,13.06,17.17,18.8,0.0328361021896539
1914.67,180.13,12.84,17.15,18.88,0.0312790882331027
1914.75,181.91,12.75,17.14,19.16,0.0283503745474496
1914.83,180.13,12.41,17.13,19.06,0.0349768525102989
1914.92,174.09,12.32,17.11,18.51,0.0433691744546671
1915,177.17,13.03,17.1,18.92,0.045736780693665
1915.08,176.55,13.88,17.09,18.95,0.0475332338791525
1915.17,182.93,14.74,17.08,19.72,0.040460759253093
1915.25,194.73,15.31,17.08,21.09,0.0334605994766839
1915.33,188.3,15.87,17.08,20.48,0.0396378376972966
1915.42,190.44,16.58,17.07,20.81,0.0391056236888736
1915.5,189.73,17.29,17.07,20.82,0.0411794978503683
1915.58,197.78,18,17.07,21.8,0.0382158828021899
1915.67,205.12,18.71,17.08,22.7,0.0368577407640611
1915.75,214.37,19.23,17.08,23.81,0.0356871253030648
1915.83,219.72,19.74,17.09,24.5,0.0345809518816094
1915.92,220.18,20.44,17.1,24.64,0.0366639570142993
1916,214.62,21.49,17.11,24.12,0.0408604810252631
1916.08,211.63,22.73,17.13,23.88,0.042479263150605
1916.17,208.93,23.74,17.16,23.67,0.0371531108866958
1916.25,204.7,24.76,17.19,23.29,0.0357760161640073
1916.33,207.26,25.73,17.23,23.69,0.035780678877213
1916.42,207.33,26.69,17.28,23.8,0.041175371492181
1916.5,204.45,27.89,17.34,23.58,0.0481001625305655
1916.58,204.11,28.82,17.4,23.65,0.0528982505572195
1916.67,208.62,29.48,17.47,24.28,0.0515571206686891
1916.75,211.28,30.1,17.54,24.7,0.0472171546113656
1916.83,212.39,30.7,17.62,24.94,0.0474268913532798
1916.92,202.11,31.55,17.71,23.85,0.0549501509114436
1917,195.68,30.85,17.8,23.2,0.0588007615612325
1917.08,180.02,29.66,17.89,21.46,0.0702150770729943
1917.17,185.6,29.27,17.97,22.24,0.0690929766393817
1917.25,174.11,27.47,18.05,20.98,0.0784297753958687
1917.33,165.59,26.65,18.12,20.07,0.0867142332907387
1917.42,166.36,25.86,18.18,20.28,0.0861709387930787
1917.5,164.28,25.87,18.25,20.15,0.0915611172337767
1917.58,156.97,25.08,18.31,19.37,0.102640693052927
1917.67,146.06,24.16,18.37,18.14,0.115815150334321
1917.75,136.09,23.43,18.42,17.03,0.120922775741187
1917.83,124.75,23.05,18.47,15.74,0.13342042549728
1917.92,118.74,22.35,18.52,15.1,0.141177618342656
1918,123.2,21.46,18.55,15.8,0.13689871829063
1918.08,126.06,20.9,18.58,16.28,0.133878628158973
1918.17,124.4,20.64,18.6,16.19,0.140870875246076
1918.25,121.47,19.93,18.63,15.93,0.150114626542455
1918.33,122.75,19.12,18.65,16.21,0.151328473244087
1918.42,121.24,18.47,18.66,16.12,0.147265150859024
1918.5,118.98,17.6,18.67,15.93,0.149882645980887
1918.58,117.75,16.89,18.68,15.87,0.154378897452732
1918.67,114.89,16.2,18.68,15.59,0.163355854434558
1918.75,117.52,15.52,18.68,16.05,0.163357871539383
1918.83,118.29,14.88,18.68,16.25,0.169893665741588
1918.92,114.54,14.35,18.67,15.83,0.174470454484523
1919,113.82,14.28,18.66,15.82,0.183280248932164
1919.08,116.37,14.47,18.65,16.27,0.180918960928418
1919.17,118.45,14.22,18.64,16.66,0.181218094625674
1919.25,120.19,13.9,18.62,17,0.179181558631435
1919.33,126.98,13.66,18.59,18.05,0.173534187244694
1919.42,130.37,13.59,18.57,18.63,0.171698807069173
1919.5,130.75,13.13,18.54,18.77,0.179796735844474
1919.58,119.88,12.84,18.5,17.3,0.196369419583952
1919.67,121.09,12.7,18.46,17.56,0.199561236370841
1919.75,125.17,12.42,18.42,18.24,0.182066194011595
1919.83,118.84,12.09,18.38,17.4,0.152134144263129
1919.92,112.91,11.77,18.33,16.61,0.163137339368743
1920,109.45,11.39,18.27,16.18,0.168981359746847
1920.08,99.37,11.14,18.22,14.77,0.188003588686833
1920.17,105.29,10.9,18.16,15.73,0.186025315805062
1920.25,101.35,10.45,18.1,15.22,0.196962745107355
1920.33,93.6,10.17,18.04,14.13,0.199602693739772
1920.42,90.66,9.9,17.97,13.76,0.191196060701586
1920.5,90.98,9.82,17.91,13.89,0.189383008695166
1920.58,89.56,9.94,17.84,13.75,0.190240052615737
1920.67,94.14,9.96,17.77,14.53,0.183373591449562
1920.75,94.73,9.88,17.7,14.7,0.165860810270206
1920.83,90.38,9.8,17.63,14.1,0.163220757799736
1920.92,83.98,9.87,17.55,13.19,0.165699872092538
1921,89.52,9.54,17.48,14.14,0.163127460959681
1921.08,91.79,9.3,17.4,14.59,0.170064002930568
1921.17,89.94,8.79,17.32,14.38,0.175270786554482
1921.25,91.33,8.33,17.24,14.69,0.162387163412866
1921.33,96.23,7.94,17.16,15.56,0.146144490007162
1921.42,89.03,7.41,17.07,14.49,0.152717165840124
1921.5,88.26,6.79,16.98,14.45,0.157398534117521
1921.58,87.18,6.22,16.89,14.36,0.155209164504147
1921.67,90.36,5.71,16.8,14.97,0.133450764700959
1921.75,91.59,5.13,16.72,15.27,0.116609502975907
1921.83,97.07,4.57,16.63,16.27,0.113301553764516
1921.92,101.08,4.01,16.53,17.03,0.0870547925542027
1922,103.34,4.58,16.44,17.5,0.0853909193365041
1922.08,105.6,5.05,16.34,17.98,0.083894040555593
1922.17,110.88,5.59,16.25,18.97,0.0800664163723834
1922.25,117.61,6.06,16.17,20.22,0.0459246590119711
1922.33,122.19,6.54,16.09,21.11,0.030434572866832
1922.42,121.05,7.02,16.02,21.01,0.0181081689612399
1922.5,121.18,7.45,15.94,21.13,0.0235961242876539
1922.58,127.25,8.02,15.87,22.3,0.0619325453100825
1922.67,130.57,8.5,15.8,22.98,0.0699878373448255
1922.75,132.65,8.93,15.73,23.45,0.053553073180777
1922.83,125.31,9.35,15.67,22.26,0.0594822960530121
1922.92,124.29,9.77,15.6,22.19,0.0577407349438372
1923,126.73,10.17,15.54,22.73,0.0615625180270896
1923.08,132.15,10.51,15.49,23.81,0.0457150635384846
1923.17,134.28,10.86,15.43,24.31,0.0447154133359153
1923.25,128.82,11.14,15.38,23.43,0.0597988366282269
1923.33,122.73,11.48,15.34,22.43,0.0921364923338832
1923.42,117.36,11.75,15.3,21.56,0.113489720406633
1923.5,112.1,11.95,15.26,20.71,0.123600379559065
1923.58,113.32,12.36,15.23,21.05,0.11559181232882
1923.67,113.36,12.62,15.2,21.17,0.114424485523846
1923.75,111.04,12.88,15.17,20.85,0.105178374310758
1923.83,114.36,13.22,15.15,21.58,0.104414001778276
1923.92,118.23,13.55,15.14,22.43,0.102678698123077
1924,122.1,13.49,15.13,23.28,0.10509824326283
1924.08,123.37,13.52,15.12,23.64,0.110834070374025
1924.17,121.71,13.54,15.1,23.44,0.106333547535419
1924.25,119.61,13.56,15.1,23.16,0.109880115480719
1924.33,119.19,13.5,15.09,23.2,0.0982605270928987
1924.42,121.44,13.44,15.08,23.76,0.0966756777183178
1924.5,126.33,13.3,15.08,24.84,0.0869682295708181
1924.58,131.44,13.32,15.08,25.97,0.0782785715943337
1924.67,129.41,13.19,15.08,25.69,0.0756723646056823
1924.75,126.99,13.05,15.08,25.34,0.0792332451863982
1924.83,134.08,12.99,15.08,26.88,0.0762728449922596
1924.92,140.5,12.86,15.09,28.3,0.0726789368569951
1925,146.3,13.23,15.09,29.59,0.0667613744332372
1925.08,148.41,13.68,15.1,30.15,0.0611641702274943
1925.17,143.68,13.97,15.09,29.32,0.0576394659479251
1925.25,142.98,14.42,15.09,29.31,0.0650021309776445
1925.33,146.72,14.7,15.08,30.21,0.0702560400599119
1925.42,147.64,14.9,15.07,30.54,0.0742566396829951
1925.5,150.02,15.1,15.06,31.17,0.0779218938660682
1925.58,152.05,15.45,15.04,31.72,0.0834493753162364
1925.67,155.57,15.81,15.02,32.6,0.0830888676704784
1925.75,160.7,16.18,14.99,33.81,0.0823395880173396
1925.83,162.94,16.25,14.97,34.42,0.0896722844782594
1925.92,166.52,16.71,14.94,35.32,0.0871839505540442
1926,169.06,16.69,14.91,36,0.0912784737893328
1926.08,169.33,16.68,14.87,36.2,0.0970912838210662
1926.17,158.72,16.77,14.82,34.09,0.107139341240541
1926.25,153.43,16.67,14.76,33.1,0.11087694700337
1926.33,155.36,16.75,14.69,33.67,0.103303798892591
1926.42,163.68,16.83,14.62,35.63,0.101202155086184
1926.5,172.52,17.01,14.53,37.72,0.100800186460571
1926.58,180.38,17.09,14.44,39.6,0.0971808718406413
1926.67,182.09,16.98,14.35,40.14,0.0972725945419726
1926.75,176.98,16.88,14.24,39.18,0.105913442837122
1926.83,178.27,16.77,14.13,39.64,0.108017037548568
1926.92,182.33,16.76,14.02,40.72,0.103503777764725
1927,183.18,16.8,13.89,41.08,0.105509900328538
1927.08,187.81,16.75,13.78,42.3,0.105876949199473
1927.17,191.8,16.7,13.67,43.38,0.102566979890026
1927.25,196.5,16.55,13.56,44.64,0.0923199008183786
1927.33,202.11,16.31,13.47,46.1,0.08353237213678
1927.42,202.39,15.97,13.39,46.35,0.0793005590951403
1927.5,210.47,16.1,13.3,48.39,0.0805771367505126
1927.58,222.96,16.04,13.22,51.46,0.0754747401908644
1927.67,234.25,15.81,13.15,54.27,0.0533138271473108
1927.75,229.33,15.56,13.08,53.33,0.0392447190589478
1927.83,235.91,15.5,13.01,55.07,0.0277236485269217
1927.92,241.44,15.35,12.95,56.56,0.024657474390761
1928,242.41,15.67,12.89,57,0.0285613773981979
1928.08,242.31,16.16,12.84,57.19,0.0270700155180899
1928.17,255.32,16.47,12.8,60.48,0.0150151697169914
1928.25,271.41,16.79,12.77,64.51,0.00424297464647405
1928.33,278.17,17,12.74,66.34,0.00367687988364951
1928.42,266.09,17.42,12.72,63.68,0.0106980288584344
1928.5,268.05,17.74,12.71,64.38,0.0285728991221692
1928.58,276.72,18.05,12.72,66.69,0.0260174098481003
1928.67,292.74,18.14,12.73,70.79,0.0156471532234916
1928.75,300.43,18.57,12.74,72.88,0.0245789041613655
1928.83,320.73,18.87,12.77,78.04,0.0180421206330728
1928.92,323.87,19.31,12.8,79.05,0.0140771065574596
1929,347.79,19.57,12.84,85.13,0.00541079710590564
1929.08,349.61,19.84,12.89,85.82,0.0048675171699093
1929.17,357.86,20.24,12.93,88.1,0.00250283670144658
1929.25,357.85,20.62,12.98,88.36,-0.0100758454847618
1929.33,361.1,20.77,13.04,89.42,-0.00727927917156368
1929.42,365.84,20.92,13.1,90.86,-0.00672652223901005
1929.5,393.83,20.94,13.16,98.07,-0.0115204219649817
1929.58,416.23,21.2,13.22,103.92,-0.0182712435264175
1929.67,432.82,21.46,13.29,108.33,-0.0141514970771568
1929.75,387.05,21.74,13.36,97.15,-0.00126294351408673
1929.83,284.59,22,13.44,71.71,0.0280791471219546
1929.92,297.65,22.39,13.52,75.28,0.0210775981176581
1930,303.72,21.78,13.61,77.1,0.0192219307508512
1930.08,324.65,21.15,13.7,82.71,0.0111292983438815
1930.17,338.88,20.53,13.78,86.63,0.00631631453513282
1930.25,358.28,19.66,13.86,91.88,0.00182430617214213
1930.33,338.88,19.01,13.94,87.2,-0.00723814572491432
1930.42,306.44,18.37,14.01,79.15,-0.00669196511506931
1930.5,303.5,17.83,14.08,78.69,-0.0016257707403653
1930.58,301.43,17.15,14.15,78.46,0.00129248222636891
1930.67,299.47,16.28,14.21,78.25,0.00622523798547525
1930.75,259.82,15.62,14.26,68.2,0.0216377996690791
1930.83,242.44,14.92,14.31,63.95,0.0311288183494227
1930.92,230.46,14.41,14.35,61.11,0.0313134061630309
1931,240.43,14.14,14.39,64.08,0.0271687194857759
1931.08,262.09,13.87,14.43,70.17,0.0119104100128804
1931.17,268.83,13.49,14.47,72.3,0.00936057204872554
1931.25,244.79,13.12,14.51,66.15,0.015039953688831
1931.33,224.06,12.82,14.55,60.87,0.0211622215806295
1931.42,219.74,12.52,14.59,60.02,0.0246115488189536
1931.5,227.03,12.04,14.63,62.33,0.0264454518752024
1931.58,220.22,11.57,14.68,60.78,0.0277161293145205
1931.67,188.67,11.16,14.72,52.39,0.0426121875866285
1931.75,164.57,10.76,14.77,46.01,0.0511772844624956
1931.83,169.09,10.42,14.81,47.59,0.0425914952543105
1931.92,138.29,10,14.86,39.24,0.0558037635310755
1932,138.85,9.93,14.91,39.71,0.0559134412810649
1932.08,139.64,9.78,14.96,40.24,0.0511846360863062
1932.17,141.15,9.57,14.99,40.98,0.04284433044911
1932.25,108.08,9.35,15.03,31.68,0.0656114122183682
1932.33,96.22,9.2,15.06,28.49,0.077645633183022
1932.42,83.91,8.97,15.08,25.14,0.0973108286417756
1932.5,88.13,8.68,15.09,26.68,0.0948025770675476
1932.58,133.44,8.45,15.1,40.67,0.0490017322646663
1932.67,147.47,8.21,15.11,45.2,0.0396933126571084
1932.75,128.07,7.97,15.1,39.51,0.0605881916532951
1932.83,127.77,7.73,15.1,39.67,0.0617873944693166
1932.92,124.55,7.49,15.08,38.9,0.0643409020496044
1933,131.48,7.65,15.06,41.31,0.0646498842946324
1933.08,117.73,7.82,15.04,37.23,0.0825041422994566
1933.17,118.29,7.93,15.02,37.65,0.083646435271846
1933.25,130.82,7.97,15,41.88,0.0749302336267483
1933.33,168.41,8.02,14.97,54.15,0.0515319124816898
1933.42,195.72,8.01,14.94,63.17,0.0377005143909588
1933.5,205.08,7.81,14.91,66.42,0.0356257884796161
1933.58,193.38,7.79,14.88,62.85,0.0371327054158617
1933.67,191.75,7.84,14.84,62.55,0.0396520809543952
1933.75,173.08,7.88,14.8,56.68,0.0494234020167099
1933.83,177.25,7.93,14.76,58.26,0.0420569969626929
1933.92,180.69,7.97,14.71,59.61,0.0415019686017235
1934,191.02,8.05,14.67,63.24,0.0390958528236636
1934.08,203.61,8.06,14.62,67.63,0.0319003954882326
1934.17,193.18,8.14,14.57,64.39,0.0402910452040515
1934.25,196.42,8.21,14.53,65.69,0.0362528247117964
1934.33,176.45,8.29,14.49,59.23,0.0493239108420749
1934.42,177.46,8.3,14.44,59.79,0.05301021574173
1934.5,169.07,8.38,14.4,57.19,0.0602599250104452
1934.58,162.46,8.45,14.36,55.18,0.0629250720882499
1934.67,156.2,8.4,14.32,53.28,0.065346756667416
1934.75,158.6,8.54,14.28,54.32,0.0663231145614516
1934.83,163.03,8.61,14.24,56.06,0.0626569991951524
1934.92,165.32,8.75,14.2,57.08,0.0628768306749281
1935,162.89,10.03,14.17,56.47,0.0675622417172839
1935.08,156.81,11.35,14.14,54.59,0.075122509768363
1935.17,146.86,12.75,14.12,51.35,0.0820661206700897
1935.25,156.71,13.12,14.11,55.02,0.0776921232248411
1935.33,169.02,13.58,14.1,59.57,0.072928319893931
1935.42,176.72,14.14,14.09,62.51,0.0689014749723988
1935.5,185.97,13.85,14.09,66.01,0.0612807748092499
1935.58,198.54,13.56,14.08,70.7,0.0547675574940705
1935.67,202.73,13.27,14.06,72.42,0.0595552043486127
1935.75,208.15,13.27,14.04,74.59,0.0611062722203348
1935.83,226.05,13.17,14.01,81.24,0.0558184712624255
1935.92,226.05,13.17,13.99,81.48,0.0570367260268727
1936,238.54,13.35,13.96,86.23,0.0555050923498772
1936.08,252.23,13.52,13.93,91.44,0.0505232222326888
1936.17,259.48,13.79,13.91,94.33,0.0432812797588322
1936.25,259.83,14.32,13.88,94.73,0.0491153171074905
1936.33,246.04,14.84,13.86,89.99,0.0544938239677513
1936.42,254.66,15.26,13.85,93.43,0.0490595416534945
1936.5,267.8,15.49,13.83,98.55,0.0348550924609288
1936.58,271.18,15.72,13.82,100.11,0.0294786300032848
1936.67,274.26,16.06,13.81,101.56,0.0111238455373195
1936.75,288.61,16.52,13.8,107.22,0.00181315157050577
1936.83,296.64,16.97,13.8,110.56,-0.00364084083638205
1936.92,291.52,17.43,13.8,109.03,0.000155811096539615
1937,298.44,17.81,13.8,112.01,-0.00161874005674334
1937.08,307.27,18.32,13.81,115.72,-0.000693484028407743
1937.17,304.76,18.7,13.83,115.17,-0.00579251139795134
1937.25,284.57,18.9,13.84,107.95,-0.00267201171265075
1937.33,269.96,19.11,13.86,102.83,0.000813894842194074
1937.42,259.83,19.44,13.89,99.42,0.00761912825089306
1937.5,273.38,19.58,13.91,105.03,0.00770589346506534
1937.58,276.19,19.85,13.94,106.53,0.00335634182349009
1937.67,235.46,19.99,13.98,91.23,0.0145811102406579
1937.75,201.21,19.5,14.01,78.37,0.0331990329614278
1937.83,184.78,19.14,14.04,72.39,0.0402279688571854
1937.92,183.08,18.77,14.07,72.16,0.038051513821173
1938,190.54,18.14,14.1,75.54,0.0311011487669053
1938.08,187.31,17.36,14.12,74.7,0.0284395877318266
1938.17,174.93,16.46,14.13,70.2,0.0372623903219729
1938.25,166.62,15.22,14.13,67.3,0.0481029204867351
1938.33,169.33,14.2,14.12,68.82,0.0507650525202969
1938.42,173.23,13.06,14.1,70.83,0.0515777348888982
1938.5,207.67,12.22,14.06,85.33,0.0288659384219843
1938.58,208.86,11.37,14.01,86.22,0.0247965349444621
1938.67,199.36,10.52,13.96,82.68,0.0284084940615987
1938.75,223.17,10.71,13.89,92.91,0.0201019286348045
1938.83,223.34,10.82,13.83,93.32,0.0151763645410929
1938.92,216.84,10.94,13.76,90.91,0.01810774131068
1939,213.6,11.33,13.69,89.85,0.0213822686211447
1939.08,213.41,11.82,13.62,90.09,0.0185236545656293
1939.17,213.24,12.22,13.56,90.33,0.01977582298668
1939.25,187.74,12.6,13.49,79.85,0.0324295358821309
1939.33,194.68,12.89,13.42,83.12,0.0285465546594827
1939.42,198.14,13.17,13.36,84.93,0.0207470990495384
1939.5,203,13.46,13.29,87.34,0.0249701231651653
1939.58,200.05,13.75,13.23,86.42,0.0298213787781301
1939.67,216.66,13.74,13.17,93.94,0.0227348664965028
1939.75,220.43,14.35,13.1,95.93,0.0246333856208765
1939.83,216.5,14.87,13.04,94.59,0.0276414700539678
1939.92,211.38,15.38,12.98,92.74,0.0338558881033035
1940,211.69,16.01,12.92,93.27,0.0363945113262663
1940.08,208.81,16.4,12.88,92.39,0.0399697530374084
1940.17,207.62,16.92,12.84,92.26,0.0411009847849806
1940.25,209.67,17.2,12.81,93.57,0.0431066986216466
1940.33,180.79,17.49,12.79,81.09,0.0617750048697123
1940.42,164.07,17.65,12.77,74.01,0.0733701586759314
1940.5,170.71,18,12.77,77.42,0.0598259956759974
1940.58,174.3,18.23,12.77,79.48,0.0630024228919401
1940.67,181.64,18.45,12.78,83.26,0.0619277721083591
1940.75,183.35,18.28,12.8,84.48,0.0644408822868452
1940.83,187.62,18.11,12.82,86.89,0.0614375578292135
1940.92,178.66,17.81,12.85,83.18,0.0650202598550251
1941,179,17.87,12.87,83.78,0.0707972245997908
1941.08,167.8,17.93,12.9,78.99,0.0804150564779722
1941.17,167.63,17.86,12.94,79.36,0.0782907841670066
1941.25,161.27,17.9,12.97,76.8,0.0838993083409521
1941.33,156.66,17.94,13.01,75.05,0.0866657489738454
1941.42,158.84,17.74,13.06,76.54,0.0832915811034529
1941.5,166.97,18.28,13.1,80.92,0.0797956892320557
1941.58,163.93,18.57,13.15,79.89,0.0864271570552699
1941.67,162.23,18.85,13.21,79.52,0.0894528999648381
1941.75,153.7,18.45,13.28,75.79,0.0942955365300411
1941.83,145.56,18.18,13.34,72.22,0.0962371317960518
1941.92,135.2,17.9,13.4,67.54,0.1070984204633
1942,136.07,17.07,13.47,68.42,0.109832372485734
1942.08,130.97,16.35,13.53,66.29,0.11270339808125
1942.17,122.31,15.55,13.58,62.34,0.120393550772758
1942.25,116.49,15.16,13.63,59.81,0.124853791036603
1942.33,116.39,14.68,13.68,60.18,0.124680797496778
1942.42,122.26,14.38,13.73,63.63,0.121585141126477
1942.5,126.03,14.1,13.77,66,0.120351381439066
1942.58,124.54,13.82,13.82,65.62,0.121981323645529
1942.67,125.85,13.63,13.86,66.71,0.118886260869846
1942.75,133.51,13.9,13.91,71.15,0.109892921370967
1942.83,134.85,14.24,13.96,72.25,0.112183722539349
1942.92,134.76,14.58,14.01,72.57,0.116604145455279
1943,142.83,14.77,14.07,77.29,0.111098300774082
1943.08,151.32,14.96,14.13,82.26,0.103756230289944
1943.17,153.97,14.88,14.19,84.07,0.101988496879658
1943.25,157.29,14.85,14.25,86.26,0.0941405694708259
1943.33,162.54,14.9,14.31,89.5,0.0907952621075858
1943.42,165.41,15.04,14.36,91.46,0.0846008152698559
1943.5,169.8,15.03,14.42,94.26,0.0833854066414972
1943.58,162.34,15.03,14.48,90.5,0.0883730844225281
1943.67,164.85,14.85,14.54,92.28,0.0817086241652678
1943.75,163.34,14.21,14.6,91.82,0.0855977125916076
1943.83,155.77,13.57,14.65,87.96,0.0935980387009043
1943.92,157.84,12.92,14.7,89.52,0.0936695066253641
1944,162.92,12.88,14.74,92.8,0.0929935425728228
1944.08,161.82,12.83,14.78,92.58,0.0961474865839822
1944.17,166.36,12.79,14.82,95.58,0.095448050979166
1944.25,162.54,12.67,14.86,93.79,0.102720081854639
1944.33,165.41,12.62,14.9,95.86,0.104671767453384
1944.42,172.22,12.51,14.93,100.22,0.101105851507974
1944.5,175.7,12.34,14.97,102.67,0.103252849635555
1944.58,173.14,12.25,15,101.58,0.107048434118404
1944.67,170.3,12.16,15.03,100.34,0.111826304596185
1944.75,174.49,12.3,15.06,103.24,0.11163557702305
1944.83,173.27,12.43,15.1,102.94,0.116660517412321
1944.92,176.06,12.5,15.13,105.03,0.12024447966493
1945,181.3,12.63,15.16,108.58,0.118924963592655
1945.08,187.35,12.77,15.18,112.64,0.118889685712503
1945.17,187.22,12.9,15.19,113,0.118047399684671
1945.25,191.92,13.08,15.19,116.27,0.119035750918381
1945.33,198.07,13.19,15.19,120.43,0.115024719605847
1945.42,199.45,13.22,15.19,121.71,0.120507750008334
1945.5,195.35,13.17,15.18,119.65,0.130302892552429
1945.58,196.01,13.13,15.18,120.5,0.12916699961375
1945.67,209.36,13.08,15.17,129.15,0.12623810556762
1945.75,218.08,12.95,15.17,134.98,0.115863813796626
1945.83,225.22,12.82,15.17,139.85,0.119534250105204
1945.92,227.79,12.62,15.17,141.89,0.119707691597158
1946,236.86,12.36,15.16,148,0.112312053599673
1946.08,238.83,12.16,15.15,149.69,0.112106958798187
1946.17,229.16,11.77,15.14,144.1,0.124148688623442
1946.25,242.61,11.44,15.12,153.01,0.118657472149105
1946.33,241.82,11.12,15.1,152.98,0.115053373550103
1946.42,237.69,10.75,15.07,150.83,0.115522330695718
1946.5,218.09,10.35,15.03,138.82,0.130296075695374
1946.58,209.62,10.34,14.99,133.86,0.134509601489242
1946.67,176.96,10.44,14.94,113.44,0.149412769807186
1946.75,169.65,10.89,14.9,109.18,0.152290332376493
1946.83,164.99,11.27,14.85,106.6,0.15421597800035
1946.92,168.35,11.79,14.8,109.2,0.153077353973572
1947,169.24,12.57,14.76,110.21,0.149852659347339
1947.08,175.81,13.35,14.71,114.92,0.139977554796726
1947.17,165.6,13.87,14.67,108.67,0.14779934387999
1947.25,159.49,14.49,14.63,105.1,0.154235476800492
1947.33,156.65,15.11,14.59,103.67,0.160123345325872
1947.42,161.37,15.66,14.56,107.26,0.158008609957551
1947.5,169.94,15.91,14.53,113.41,0.153399189001155
1947.58,164.38,16.09,14.5,110.16,0.150592478992317
1947.67,156.64,16.12,14.47,105.44,0.15124922222502
1947.75,160.7,16.33,14.43,108.64,0.140859671880591
1947.83,158.14,16.47,14.41,107.39,0.139708020264833
1947.92,153.66,16.46,14.39,104.83,0.142825978134713
1948,149.69,16.59,14.37,102.61,0.147107208076234
1948.08,143.54,17.07,14.35,98.88,0.152167891322569
1948.17,146.2,17.48,14.35,101.21,0.151432522992936
1948.25,154.8,17.69,14.36,107.66,0.144963128379603
1948.33,161.65,18.12,14.38,112.92,0.143502434872985
1948.42,166.96,18.46,14.41,117.12,0.142408325793288
1948.5,160.99,18.92,14.46,113.42,0.149158341437328
1948.58,155.65,19.53,14.51,110.15,0.15751261934049
1948.67,153.89,20.21,14.58,109.41,0.161658405185902
1948.75,158.73,21.01,14.66,113.37,0.162486787941144
1948.83,151.15,21.91,14.75,108.49,0.171036240844489
1948.92,150.78,22.73,14.84,108.78,0.173636947779938
1949,153.11,23.13,14.94,111.02,0.175733561509094
1949.08,148.46,23.62,15.04,108.24,0.177626938827976
1949.17,149.87,23.92,15.14,109.87,0.179128793973894
1949.25,149.04,23.89,15.23,109.87,0.180985057400906
1949.33,148.56,24.06,15.33,110.14,0.182763882602216
1949.42,139.83,24.02,15.42,104.29,0.188105285209434
1949.5,148.99,24.19,15.51,111.77,0.184394438795416
1949.58,153.69,24.06,15.6,115.94,0.179690270314152
1949.67,155.05,23.92,15.69,117.62,0.173156736459178
1949.75,160.39,23.89,15.77,122.36,0.16833965438656
1949.83,161.93,23.55,15.85,124.24,0.167339789715599
1949.92,167.66,23.52,15.92,129.38,0.166582725210059
1950,171.84,23.79,15.99,133.35,0.161724699566988
1950.08,175.2,23.96,16.06,136.72,0.154189056346119
1950.17,175.87,24.02,16.12,138.02,0.151854948366997
1950.25,180.84,24.6,16.18,142.7,0.149436791550007
1950.33,186.13,25.07,16.24,147.67,0.144790498145352
1950.42,188.37,25.53,16.3,150.24,0.146908214841617
1950.5,172.52,25.81,16.37,138.42,0.153780546759549
1950.58,181.44,26.19,16.43,146.42,0.149013735506821
1950.67,187.07,26.67,16.5,151.84,0.141690962070565
1950.75,193.23,26.84,16.57,157.75,0.134657861414447
1950.83,192.06,27.12,16.64,157.73,0.138627879489767
1950.92,188.99,27.18,16.71,156.17,0.142789416771666
1951,199.77,26.72,16.79,166.04,0.141826374321509
1951.08,204.79,26.37,16.87,171.19,0.143226206028798
1951.17,200.56,26.24,16.94,168.64,0.148774961844439
1951.25,203.25,25.9,17.01,171.89,0.149887343607116
1951.33,202.56,25.46,17.07,172.31,0.151051472059177
1951.42,199.05,25.12,17.14,170.35,0.151118002006157
1951.5,202.56,24.48,17.2,174.37,0.147636622921578
1951.58,211.43,23.83,17.25,183.02,0.146788672567853
1951.67,215.21,23.01,17.29,187.31,0.143132810842687
1951.75,213.3,22.71,17.33,186.62,0.145083690037672
1951.83,205.79,22.32,17.36,181.01,0.153952862100735
1951.92,211.33,22.03,17.4,186.82,0.151647696063845
1952,218.38,21.91,17.43,193.98,0.143260316066601
1952.08,216.03,21.95,17.47,192.86,0.145707835038844
1952.17,216.58,21.83,17.52,194.3,0.145245234966374
1952.25,215.12,21.57,17.57,193.97,0.141644421826208
1952.33,215.03,21.39,17.63,194.87,0.132640445102277
1952.42,220.09,21.12,17.68,200.44,0.115848163274791
1952.5,224.71,21.03,17.74,205.63,0.115620989513678
1952.58,225.61,21.09,17.79,207.44,0.117969219892502
1952.67,222.03,21.15,17.86,205.14,0.118182557740062
1952.75,217.37,21.26,17.92,201.83,0.116764836684612
1952.83,224.27,21.38,17.98,209.22,0.120523633986511
1952.92,233.32,21.5,18.04,218.65,0.120650789430598
1953,235.45,21.67,18.1,221.64,0.123686985631871
1953.08,233.45,21.85,18.15,220.76,0.125916466173389
1953.17,233.74,21.85,18.21,222.03,0.1247793799899
1953.25,222.23,22.09,18.27,212.1,0.135443048875008
1953.33,222.56,22.25,18.33,213.43,0.137285132709037
1953.42,213.79,22.41,18.39,206.03,0.141181224054291
1953.5,216.82,22.52,18.45,209.97,0.137251426880208
1953.58,216.91,22.56,18.52,211.07,0.140056339967904
1953.67,206.95,22.68,18.58,202.4,0.148119573811671
1953.75,212.38,22.48,18.64,208.75,0.144779949249705
1953.83,217.89,22.44,18.71,215.21,0.140949336391725
1953.92,220.82,22.32,18.79,219.17,0.141200684202036
1954,226.42,22.44,18.86,225.8,0.141540319170671
1954.08,231.4,22.56,18.94,231.85,0.140201538582942
1954.17,236.29,22.68,19.03,237.84,0.139632858850104
1954.25,246.64,22.97,19.11,249.35,0.136166882124832
1954.33,255.5,23.09,19.19,259.4,0.133062697198059
1954.42,257.55,23.3,19.28,262.57,0.130925675932122
1954.5,267.95,23.33,19.37,274.28,0.130022821714421
1954.58,273.29,23.36,19.46,280.85,0.126326382708358
1954.67,280.74,23.48,19.55,289.63,0.124692021642285
1954.75,287.25,23.89,19.65,297.49,0.123877534273022
1954.83,298.5,24.31,19.75,310.31,0.119833039227679
1954.92,313.33,24.82,19.84,326.92,0.112338944742505
1955,318.97,25.39,19.95,334.01,0.113048960850716
1955.08,329.63,25.95,20.05,346.39,0.110083820144366
1955.17,327.04,26.52,20.16,344.89,0.110584856364527
1955.25,338.33,27.3,20.28,358.02,0.107802219695237
1955.33,336.89,28.07,20.4,357.75,0.109792987782184
1955.42,356.42,28.85,20.52,379.73,0.0974241941044283
1955.5,381.07,29.4,20.65,407.25,0.0898870188274166
1955.58,378.75,30.05,20.78,406.04,0.0925010907390096
1955.67,394.33,30.59,20.93,424.03,0.0916261333774475
1955.75,374.5,31.13,21.07,404,0.0992849287946038
1955.83,399.75,31.66,21.22,432.55,0.0929752443961289
1955.92,404.99,32.31,21.38,439.54,0.0906517891439416
1956,394.1,32.52,21.54,429.07,0.0954324468498053
1956.08,396.6,32.73,21.71,433.17,0.0932354680605354
1956.17,423.92,32.94,21.88,464.41,0.0810449950050427
1956.25,427.32,32.55,22.06,469.56,0.0827160963556142
1956.33,412.36,32.16,22.24,454.56,0.080672621759647
1956.42,406.95,31.66,22.41,450.06,0.0808091419698094
1956.5,425.9,31.02,22.59,472.47,0.0752607352503925
1956.58,424.92,30.73,22.76,472.86,0.0681489403930169
1956.67,408.96,30.21,22.93,456.59,0.0683890237250986
1956.75,402.25,29.95,23.09,450.57,0.0685498500221899
1956.83,398.08,29.81,23.25,447.33,0.0748738606166202
1956.92,402.53,29.56,23.41,453.74,0.0741112873420176
1957,393.77,29.53,23.55,445.29,0.0804969032969525
1957.08,375.43,29.39,23.7,425.95,0.0892889736424218
1957.17,378.89,29.26,23.83,431.29,0.0904347533595546
1957.25,386.28,29.21,23.96,441.11,0.0898007021551175
1957.33,399.68,29.16,24.08,457.82,0.0876423151799819
1957.42,404.82,29.12,24.2,465.11,0.0845165822779053
1957.5,410.07,29.05,24.31,472.55,0.0846106622180609
1957.58,387.5,29.19,24.42,447.96,0.0920986234657595
1957.67,371.78,29.33,24.53,431.22,0.0977394618817728
1957.75,348.61,29.05,24.64,405.8,0.104208463609787
1957.83,339.89,28.67,24.74,397.1,0.103046613304141
1957.92,339.72,28.39,24.85,398.37,0.10575209656082
1958,343.95,27.55,24.95,404.79,0.10331761339522
1958.08,345.13,26.91,25.04,407.63,0.0974402783416644
1958.17,349.79,26.08,25.12,414.58,0.0935479251130089
1958.25,350.48,25.41,25.19,416.84,0.100732816903498
1958.33,361.74,24.83,25.25,431.66,0.0993503428495981
1958.42,370.43,24.25,25.31,443.45,0.0989400641135336
1958.5,379.3,24.03,25.36,455.5,0.0954219403122027
1958.58,394.85,23.98,25.4,475.6,0.0882645810558584
1958.67,405.28,23.84,25.44,489.6,0.0885495694566523
1958.75,421.75,23.87,25.47,510.95,0.0862064885505951
1958.83,433.09,23.81,25.49,526.13,0.084644561045838
1958.92,442.78,23.92,25.51,539.37,0.0830304988002348
1959,458.82,24.45,25.52,560.39,0.0742173340406946
1959.08,453.38,25.14,25.53,555.22,0.074356086485361
1959.17,464.88,25.74,25.54,570.81,0.0684249520986497
1959.25,471.03,26.45,25.56,579.86,0.068557729234366
1959.33,478.13,27.25,25.58,590.1,0.0700851391593
1959.42,472.37,27.95,25.6,584.51,0.0650732010852928
1959.5,489.44,27.94,25.64,607.14,0.0559117077006761
1959.58,486.65,28.02,25.67,605.22,0.0553746207447872
1959.67,465.8,28.01,25.7,580.82,0.0601059198239642
1959.75,463.81,27.8,25.74,579.87,0.061127727780329
1959.83,465.68,27.69,25.77,583.76,0.0609044781899897
1959.92,480.57,27.58,25.8,603.98,0.0512991038652979
1960,473.8,27.68,25.84,597.07,0.0516099910851586
1960.08,453.88,27.58,25.87,573.59,0.0518576775305348
1960.17,447.7,27.58,25.9,567.44,0.0545387351322824
1960.25,451.94,27.14,25.93,574.48,0.049488630599523
1960.33,447.8,26.79,25.95,570.89,0.03747847527682
1960.42,462.78,26.35,25.96,591.66,0.032965047103108
1960.5,451.3,26.37,25.97,578.67,0.0352683441982156
1960.58,456.72,26.4,25.98,587.29,0.0370566150806526
1960.67,442.98,26.43,25.98,571.31,0.0457798113913856
1960.75,431.33,26.25,25.98,557.98,0.0502964514137487
1960.83,445.3,26.25,25.97,577.74,0.0463326201031646
1960.92,455.98,26.25,25.96,593.28,0.0502679960826471
1961,479.42,25.77,25.96,625.48,0.0489480941675902
1961.08,499.09,25.29,25.95,652.83,0.048460259290545
1961.17,514.74,24.81,25.94,675.01,0.0476228865734274
1961.25,528.47,24.65,25.93,694.71,0.0481265383731462
1961.33,533.85,24.48,25.92,703.49,0.0451253842524943
1961.42,526.79,24.32,25.91,695.89,0.0438048930428765
1961.5,521.84,24.22,25.9,691.06,0.0437906761062208
1961.58,542.39,24.35,25.9,720,0.0376742117959534
1961.67,536.35,24.32,25.9,713.72,0.0411372816343369
1961.75,542.25,24.69,25.92,723.32,0.0375377937430896
1961.83,566.81,25.07,25.93,757.85,0.0281046687606217
1961.92,572.08,25.44,25.95,766.69,0.0335378082131903
1962,550.78,25.92,25.98,739.96,0.0417104663764589
1962.08,558.1,26.31,26.02,751.59,0.0417316048822289
1962.17,558.65,26.78,26.05,754.15,0.0438214268293351
1962.25,539.06,26.96,26.09,729.53,0.0483495270534815
1962.33,498.97,27.22,26.14,677.12,0.0551177188077629
1962.42,440.67,27.49,26.19,599.84,0.0682758735660574
1962.5,449.8,27.55,26.24,614.12,0.0647181071517222
1962.58,462.04,27.71,26.29,632.69,0.0652466933999987
1962.67,456.42,27.78,26.35,626.87,0.0646808846656022
1962.75,442.02,28.15,26.41,608.98,0.0677088293672559
1962.83,472.48,28.51,26.46,652.85,0.0655013123334511
1962.92,492.94,28.88,26.52,683.05,0.0628721365784939
1963,511.98,28.99,26.58,711.38,0.0593556341828909
1963.08,518.75,29.09,26.64,722.74,0.0533689261263155
1963.17,515.09,29.1,26.7,719.59,0.0514266503403076
1963.25,539.32,29.44,26.77,755.43,0.0438875023623351
1963.33,550.15,29.78,26.83,772.59,0.0381268280778293
1963.42,548.12,30.02,26.89,771.75,0.035450754117389
1963.5,538.23,30.23,26.95,759.84,0.0380775665439157
1963.58,553.11,30.55,27.02,782.87,0.0314309279551919
1963.67,567.68,30.86,27.08,805.53,0.0302988423846964
1963.75,567.24,30.91,27.15,806.95,0.0334914330641667
1963.83,564.05,31.07,27.22,804.5,0.0258233239381145
1963.92,574.23,31.12,27.29,821.11,0.015880437995875
1964,591.88,31.54,27.37,848.47,0.0133925131103303
1964.08,599.16,31.95,27.44,861.04,0.008083569650982
1964.17,610.07,32.36,27.52,878.89,0.00925354358125663
1964.25,618.9,32.75,27.6,893.78,0.00218146340435932
1964.33,624.94,33.14,27.68,904.71,-0.00301501300222928
1964.42,619.22,33.41,27.77,898.64,-0.00270449320582111
1964.5,640.15,33.67,27.85,931.25,-0.0189450202364351
1964.58,632.8,34.14,27.94,922.82,-0.0229899182243609
1964.67,641.61,34.38,28.03,937.95,-0.0359621744708885
1964.75,652.69,34.59,28.12,956.45,-0.0365286903952698
1964.83,655.12,34.68,28.21,962.34,-0.0343276161264325
1964.92,643.77,34.89,28.29,948.01,-0.0396803089868796
1965,660.33,35.22,28.38,974.77,-0.0347562970012788
1965.08,665.16,35.55,28.46,984.29,-0.0264881804488398
1965.17,663.65,35.77,28.54,984.46,-0.0221390261342687
1965.25,670.22,36.06,28.62,996.62,-0.0222643960561127
1965.33,680.2,36.47,28.69,1013.91,-0.0181372884260644
1965.42,643.8,36.64,28.76,962.1,-0.0108929132714071
1965.5,642.81,36.99,28.82,963.11,-0.0116708653947288
1965.58,654.78,37.35,28.89,983.53,-0.0210508428781189
1965.67,676.65,37.7,28.95,1018.91,-0.0258762184936135
1965.75,689.69,38.11,29.01,1041.08,-0.0237789865726734
1965.83,695.42,38.64,29.07,1052.3,-0.0235620749345284
1965.92,690.08,39.04,29.12,1046.79,-0.0245610637589222
1966,702.04,39.42,29.18,1067.54,-0.0177348583405303
1966.08,692.94,39.55,29.24,1056.32,-0.0130169841691857
1966.17,662.39,39.8,29.29,1012.37,-0.00819817655347166
1966.25,678.43,39.85,29.35,1039.53,-0.0100940030431039
1966.33,642.73,40.14,29.41,987.49,-0.0060839512657096
1966.42,635.43,40.31,29.48,978.95,-0.00485361431640097
1966.5,631.86,40.31,29.55,976.14,-0.00246848892921037
1966.58,590.03,40.19,29.63,914.22,0.0030032115325771
1966.67,569.25,40.31,29.71,884.75,0.00837251869674871
1966.75,560.84,40.16,29.79,874.4,0.00585974313349125
1966.83,588.91,40.26,29.88,920.88,0.000129149136707696
1966.92,591.38,40.36,29.96,927.47,0.00279802053829625
1967,614.07,40.11,30.05,965.78,-0.0022995305905017
1967.08,635.23,39.87,30.14,1001.82,-0.00933634954189799
1967.17,648.24,39.51,30.23,1025.1,-0.0123259099416292
1967.25,657.41,39.1,30.31,1042.36,-0.0159758345197798
1967.33,667.18,38.69,30.4,1060.61,-0.0181038092638555
1967.42,656.84,38.29,30.48,1046.93,-0.0165926101878011
1967.5,666.19,38.1,30.55,1064.6,-0.0174661339178571
1967.58,674.77,37.92,30.63,1081.08,-0.0213497782210255
1967.67,682.16,37.74,30.7,1095.7,-0.0241328543098105
1967.75,679.07,37.69,30.77,1093.51,-0.0264166371650473
1967.83,655.83,37.65,30.84,1058.86,-0.0227921082433246
1967.92,672.52,37.61,30.92,1088.59,-0.0258820885195211
1968,666.75,37.65,31,1082.02,-0.0292679355695342
1968.08,634.8,37.8,31.08,1032.94,-0.0263201604086345
1968.17,621.37,37.94,31.17,1013.88,-0.0250142555904974
1968.25,665.32,38.13,31.27,1088.4,-0.0280884816271048
1968.33,678.65,38.32,31.37,1113.02,-0.0259577484076424
1968.42,692.87,38.4,31.49,1139.16,-0.0286099698497144
1968.5,687.53,38.39,31.61,1133.19,-0.0288995978651817
1968.58,670.59,38.48,31.72,1108.12,-0.0202605928150732
1968.67,690.42,38.58,31.85,1143.73,-0.023699086768481
1968.75,703.46,38.58,31.97,1168.16,-0.0293678281202697
1968.83,712.28,38.7,32.09,1185.68,-0.036643202456467
1968.92,717.69,38.82,32.22,1197.55,-0.0361944992599947
1969,685.43,38.84,32.34,1146.6,-0.0288713958536846
1969.08,678.26,38.76,32.46,1137.49,-0.0302550059216004
1969.17,658.05,38.57,32.57,1106.45,-0.0262937335986523
1969.25,667.6,38.4,32.68,1125.39,-0.0267135226617901
1969.33,687.45,38.34,32.78,1161.74,-0.0328772527584138
1969.42,648.01,38.17,32.87,1097.96,-0.0261555915404825
1969.5,615.69,38.07,32.96,1046.08,-0.0211217767020255
1969.58,608.93,37.97,33.04,1037.48,-0.0164421113533491
1969.67,609.42,37.98,33.12,1041.2,-0.0163464524608878
1969.75,612.63,37.54,33.21,1049.56,-0.0212593813682905
1969.83,613.77,37.11,33.29,1054.38,-0.022925532435405
1969.92,578.15,36.68,33.37,996.06,-0.0141376318934322
1970,571.55,36.26,33.44,987.58,-0.0114785372361436
1970.08,548.72,35.76,33.51,950.98,-0.00485452460190694
1970.17,555.17,35.26,33.58,965.04,-0.0168829200729088
1970.25,534.07,34.76,33.65,931.22,-0.0156179131593945
1970.33,471.39,34.44,33.71,824.79,0.000329292534127612
1970.42,466.06,34.03,33.77,818.33,0.00668376655590408
1970.5,464.47,33.53,33.84,818.39,0.0115740910383122
1970.58,477.97,33.21,33.9,845.04,0.0110886273248429
1970.67,503.97,32.71,33.95,893.87,0.00739967666452168
1970.75,512.28,32.08,34.01,911.46,0.00777832020959313
1970.83,509.15,31.45,34.05,908.72,0.0118103235074631
1970.92,541.27,30.84,34.1,968.86,0.0031554828799909
1971,561.95,31.02,34.14,1008.68,-0.00167111428843758
1971.08,582.24,31.12,34.18,1047.9,-0.0095862664162184
1971.17,595.68,31.22,34.23,1074.88,-0.0087536447358546
1971.25,614.48,31.34,34.28,1111.58,-0.0114715264997983
1971.33,603.12,31.38,34.34,1093.81,-0.0122610715382683
1971.42,587.58,31.35,34.4,1068.4,-0.0099674033481002
1971.5,581.91,31.49,34.45,1060.84,-0.012361877724159
1971.58,570.16,31.62,34.51,1042.18,-0.0105664385302482
1971.67,582.83,31.84,34.58,1068.09,-0.0224584341575146
1971.75,569.06,32.29,34.64,1045.61,-0.0189054059461553
1971.83,542.68,32.81,34.7,999.9,-0.0118649926988614
1971.92,577.23,33.18,34.77,1066.31,-0.0173588981943393
1972,601.27,33.39,34.83,1113.47,-0.0267155284292829
1972.08,609.37,33.44,34.89,1131.2,-0.030433929193771
1972.17,622.34,33.57,34.95,1158.03,-0.0352881063715905
1972.25,627.18,33.8,35.01,1169.78,-0.0315224531142868
1972.33,619.35,34.02,35.07,1157.91,-0.0308967072466707
1972.42,619.59,34.25,35.12,1161.1,-0.0375919947174317
1972.5,612.06,34.41,35.18,1149.74,-0.0369048452848325
1972.58,632.25,34.65,35.24,1190.4,-0.0396822720150883
1972.67,621.65,34.89,35.29,1173.2,-0.0274369112565014
1972.75,619.85,35.25,35.35,1172.55,-0.0193715780094544
1972.83,649.42,35.7,35.41,1231.27,-0.0196466991588208
1972.92,661.4,36.14,35.47,1256.79,-0.0199369300737415
1973,664.9,36.76,35.53,1266.25,-0.0170931408486122
1973.08,636.83,37.21,35.6,1215.59,-0.0110903238135331
1973.17,621,37.57,35.66,1188.16,-0.00506350163856162
1973.25,605.21,38.1,35.74,1160.73,0.000659690768025634
1973.33,584.18,38.62,35.81,1123.19,0.00769960723933472
1973.42,567.22,39.13,35.88,1093.38,0.0118666536353607
1973.5,571.34,39.87,35.96,1104.13,0.0111856614088712
1973.58,550.6,39.98,36.04,1066.82,0.0118957758380915
1973.67,558.91,40.7,36.12,1085.71,0.0129169898145471
1973.75,576.04,41.17,36.2,1121.8,0.00996290024043911
1973.83,531.62,41.71,36.28,1038.13,0.016454605004399
1973.92,490.78,42.25,36.37,961.23,0.0240769702463361
1974,493.4,42.23,36.46,969.2,0.0242292248569651
1974.08,473.64,42.03,36.55,933.23,0.0222300537624831
1974.17,487.67,41.84,36.64,963.69,0.0192051071861721
1974.25,460.81,42.3,36.72,913.47,0.024697281025869
1974.33,441.39,42.4,36.8,877.8,0.0282296888888778
1974.42,438.37,42.67,36.87,874.63,0.0263903431071855
1974.5,384.07,42.92,36.95,769.13,0.0383216457694711
1974.58,363.77,43,37.03,731.32,0.0523979783016228
1974.67,322.06,43.07,37.1,650.31,0.0658076202131335
1974.75,325.09,42.31,37.17,659.25,0.0636120933420259
1974.83,333.25,41.64,37.24,678.62,0.0618952464057401
1974.92,309.15,40.98,37.3,632.37,0.0686611877172851
1975,333.18,40.15,37.35,684.34,0.0649328067662716
1975.08,365,39.17,37.39,752.55,0.0603139991691939
1975.17,380.32,38.36,37.42,786.99,0.0546791585137296
1975.25,383.13,37.47,37.44,795.69,0.0541020963476089
1975.33,405.16,36.53,37.45,844.32,0.0503081615530769
1975.42,412.4,35.53,37.45,862.29,0.0504089761889954
1975.5,408.23,34.84,37.44,856.43,0.0532697426330175
1975.58,377.61,34.48,37.43,795.04,0.0589639242152005
1975.67,370.98,34,37.4,783.93,0.0581470270390199
1975.75,385.95,34.11,37.37,818.4,0.0547805283683751
1975.83,389.64,34.15,37.34,829.06,0.0597011809532473
1975.92,382.34,34.31,37.3,816.32,0.0665408612711365
1976,416.76,35.25,37.26,892.63,0.0575555270587067
1976.08,431.3,36.13,37.23,926.6,0.0597589649443679
1976.17,432.67,37.06,37.2,932.37,0.0659643978632474
1976.25,434.54,37.77,37.17,939.24,0.0682646642817728
1976.33,428.5,38.33,37.16,929.03,0.0696633011406023
1976.42,428.76,38.96,37.14,932.46,0.0719853390319347
1976.5,436.56,39.17,37.13,952.31,0.0677857374634405
1976.58,430.53,39.39,37.12,942.05,0.0711620865398674
1976.67,438.17,39.66,37.11,961.68,0.065817477736601
1976.75,421.03,39.95,37.11,927.01,0.0695450369565715
1976.83,417.41,40.38,37.11,922.07,0.0737418375655465
1976.92,430.37,40.73,37.11,953.75,0.071839183583148
1977,424.48,40.76,37.11,943.8,0.0792367935137415
1977.08,408.83,40.57,37.12,912.12,0.0893394648903569
1977.17,404.48,40.53,37.12,905.53,0.094320868071551
1977.25,394.93,40.64,37.13,887.31,0.0950216025443611
1977.33,391.81,40.89,37.14,883.51,0.0952947608871662
1977.42,391.32,41.07,37.16,885.63,0.0994746999949643
1977.5,392.96,41.24,37.19,892.61,0.101705121638588
1977.58,382.1,41.49,37.21,871.23,0.110725269963307
1977.67,374.93,41.73,37.24,858.22,0.108400963867961
1977.75,364.05,41.83,37.27,836.67,0.0970066036237924
1977.83,364.37,41.86,37.31,840.83,0.0820697911329484
1977.92,361.42,41.95,37.34,837.49,0.0810485943723498
1978,345.45,41.72,37.38,803.95,0.0897183575773195
1978.08,338.42,41.49,37.41,791.11,0.0947724349081589
1978.17,335.15,41.2,37.44,786.99,0.098362754013515
1978.25,347.09,41.27,37.47,818.57,0.0925186994516962
1978.33,361.29,41.27,37.5,855.62,0.0849224281382162
1978.42,358.33,41.2,37.52,852.16,0.0912426526092307
1978.5,353.89,41.3,37.55,845.17,0.0913470808236534
1978.58,376.6,41.53,37.57,903.01,0.0818159443093933
1978.67,373.77,41.62,37.6,899.83,0.0835422013328209
1978.75,358.67,42.15,37.62,867.06,0.0912737683024316
1978.83,336.16,42.86,37.65,816.28,0.0955531545664419
1978.92,339.62,43.57,37.69,828.3,0.0962917302774204
1979,349.25,44.32,37.73,855.42,0.0960022914552621
1979.08,340.08,44.93,37.77,836.61,0.101562409076993
1979.17,343.08,45.58,37.82,847.64,0.0993141381479612
1979.25,345.97,45.84,37.88,858.44,0.101059920738382
1979.33,333.68,46.02,37.94,831.62,0.108397991292423
1979.42,336.51,46.26,38.01,842.33,0.110414232630802
1979.5,336.1,46.46,38.07,844.99,0.112867078711917
1979.58,348.15,46.72,38.14,878.98,0.113404136152895
1979.67,348.26,46.92,38.22,882.99,0.113050024738833
1979.75,332.44,46.79,38.29,846.61,0.117528884432763
1979.83,326.85,46.6,38.37,836.13,0.116612992046616
1979.92,336.23,46.35,38.45,863.87,0.11580968255058
1980,341.01,46.13,38.53,879.9,0.110135142381954
1980.08,349.6,45.93,38.61,905.81,0.103572224397682
1980.17,312.7,45.67,38.69,813.95,0.117812420778794
1980.25,304.2,44.81,38.78,795.59,0.120414415984858
1980.33,314.98,44.03,38.87,827.51,0.119982983875645
1980.42,331.51,43.22,38.95,874.7,0.116669800019179
1980.5,346.55,42.93,39.02,918.2,0.111026615846039
1980.58,354.68,42.33,39.1,943.56,0.0979645110046226
1980.67,360.27,41.69,39.18,962.26,0.0900531304401295
1980.75,367.31,41.47,39.25,984.89,0.0843276844225023
1980.83,379.69,41.3,39.33,1021.93,0.0832724422107856
1980.92,370.07,41.08,39.41,999.87,0.0905207993093171
1981,365.72,40.53,39.5,991.95,0.0899890267975088
1981.08,349.45,39.9,39.58,951.67,0.106438011505046
1981.17,360.06,39.41,39.65,984.41,0.105850341804261
1981.25,360.86,39.53,39.72,990.45,0.107481774830144
1981.33,350.85,39.61,39.79,966.86,0.109628571936166
1981.42,349.34,39.63,39.85,966.56,0.109720583232726
1981.5,337.17,39.43,39.92,936.76,0.113904370023525
1981.58,335.91,39.35,39.99,937.15,0.116480349037282
1981.67,303.66,39.2,40.05,851.06,0.126455918235456
1981.75,306.85,39.19,40.12,863.93,0.124806243006981
1981.83,313.78,39.14,40.17,887.4,0.121486130918368
1981.92,315.07,39.09,40.23,895.02,0.121489217269469
1982,297.58,38.5,40.27,849.33,0.135250259280822
1982.08,289.55,37.92,40.32,830.45,0.136709700869128
1982.17,280.49,37.49,40.35,808.53,0.13802252802452
1982.25,293.18,36.8,40.39,849.18,0.132590592918904
1982.33,290.67,35.92,40.41,846.01,0.135173423200473
1982.42,270.55,34.95,40.43,791.52,0.140820582102418
1982.5,268.43,34.27,40.43,789.39,0.143047413201345
1982.58,268.61,33.7,40.43,794.04,0.143123195690884
1982.67,299.1,33.14,40.42,888.28,0.130481146165701
1982.75,323.28,32.29,40.41,964.22,0.119516952725029
1982.83,337.12,31.6,40.39,1009.67,0.117249639732097
1982.92,341.69,30.98,40.35,1027.55,0.118964837949802
1983,352.97,30.74,40.31,1065.72,0.114501877313552
1983.08,358.72,30.53,40.26,1087.31,0.11378303985819
1983.17,371.18,30.35,40.2,1129.35,0.111541427891196
1983.25,382.62,30.27,40.14,1168.41,0.105965618067452
1983.33,395.74,30.23,40.08,1212.73,0.102499187068922
1983.42,400.08,30.27,40.01,1230.28,0.101712585606217
1983.5,399.91,30.72,39.93,1234.04,0.101443709174724
1983.58,387.73,31.19,39.86,1200.74,0.106086129120218
1983.67,397.21,31.6,39.78,1234.39,0.104290000028753
1983.75,397.21,32.08,39.71,1238.71,0.104812211711393
1983.83,390.52,32.59,39.63,1222.17,0.106231097952173
1983.92,388.25,33.13,39.56,1219.42,0.107458465799166
1984,390.65,33.9,39.48,1231.36,0.10798288184549
1984.08,367.49,34.69,39.41,1162.72,0.113892187457818
1984.17,367,35.58,39.35,1165.61,0.111642537105652
1984.25,365.69,36.14,39.3,1165.87,0.107691184760932
1984.33,362.31,36.76,39.25,1159.57,0.109384304160104
1984.42,353.19,37.37,39.2,1134.88,0.112624876944603
1984.5,347.24,37.5,39.15,1120.26,0.113189121465903
1984.58,376.36,37.64,39.11,1218.73,0.106759828663916
1984.67,378.44,37.73,39.07,1230.01,0.106345194865209
1984.75,374.41,37.68,39.02,1221.47,0.106551470361639
1984.83,377.81,37.74,38.98,1237.21,0.104580107019192
1984.92,373.72,37.8,38.95,1228.49,0.104224331735333
1985,389.12,37.54,38.92,1283.79,0.101597957534825
1985.08,408.27,37.18,38.9,1351.7,0.0996112190793166
1985.17,403.36,36.85,38.88,1340.21,0.102968934608211
1985.25,404.16,36.1,38.87,1347.63,0.105491254991669
1985.33,412.24,35.38,38.86,1379.35,0.106343086663975
1985.42,419.98,34.71,38.85,1410.06,0.107152141629941
1985.5,427.19,34.36,38.84,1439.09,0.108757977891866
1985.58,417.1,34.02,38.84,1409.94,0.111308013016654
1985.67,406.67,33.64,38.84,1379.55,0.117586973436703
1985.75,409.79,33.06,38.83,1395.04,0.116991399649214
1985.83,433.47,32.52,38.82,1480.54,0.113031784463843
1985.92,453.73,31.98,38.81,1554.66,0.111379174483337
1986,454.45,31.82,38.79,1562.08,0.110382734151971
1986.08,480.21,31.85,38.76,1655.63,0.109936926859441
1986.17,510.78,31.93,38.73,1766.1,0.102002817246204
1986.25,524.28,32.12,38.68,1817.88,0.0986173539781443
1986.33,523.93,32.18,38.64,1821.8,0.100729942042415
1986.42,535.92,32.14,38.59,1868.61,0.0992673842270893
1986.5,524.77,32.24,38.53,1834.93,0.0971704963876971
1986.58,534.29,32.28,38.47,1873.38,0.0980117826530231
1986.67,517.32,32.24,38.41,1819.11,0.103104495060157
1986.75,514.9,31.94,38.35,1815.83,0.107417107707158
1986.83,531.11,31.64,38.28,1878.29,0.108922487687826
1986.92,538.21,31.35,38.21,1908.67,0.108465067604018
1987,569.03,31.6,38.13,2023.24,0.10521318005668
1987.08,602.15,31.93,38.06,2146.27,0.103062796378683
1987.17,624.21,32.22,37.98,2230.23,0.0978765491094924
1987.25,614.1,31.57,37.92,2199.39,0.0954676086692043
1987.33,611.5,30.98,37.84,2195.44,0.105437583528609
1987.42,635.27,30.39,37.76,2286.15,0.106572455148343
1987.5,651.89,31.32,37.67,2351.34,0.109499483237408
1987.58,688.83,32.16,37.59,2490,0.103338159186694
1987.67,662.98,32.99,37.51,2401.97,0.108354649838348
1987.75,581.37,34.04,37.44,2111.77,0.124274015370771
1987.83,507.9,35.14,37.37,1850.38,0.137979957192189
1987.92,499.6,36.28,37.31,1825.71,0.142617655909866
1988,517.95,36.94,37.27,1898.33,0.138227982566649
1988.08,532.28,37.59,37.23,1956.48,0.141651553109793
1988.17,545.61,38.17,37.19,2011.07,0.144211596167406
1988.25,536.48,40.08,37.17,1983.1,0.149447432200649
1988.33,521.42,42.03,37.16,1933.16,0.151915398980004
1988.42,548.81,43.93,37.17,2040.49,0.145701440815732
1988.5,543.26,44.46,37.19,2025.69,0.151417349630841
1988.58,530.12,44.98,37.21,1982.56,0.145450349871085
1988.67,535.17,45.39,37.24,2007.33,0.138158991310798
1988.75,552.1,45.92,37.28,2076.76,0.135474026239471
1988.83,538.91,46.57,37.31,2033.17,0.149796038023838
1988.92,548.94,47.17,37.34,2077.06,0.152037424395741
1989,563.8,47.73,37.37,2139.41,0.154024725220996
1989.08,578.4,48.32,37.4,2200.97,0.150539479580006
1989.17,572.55,48.82,37.42,2184.89,0.154356336286907
1989.25,587.48,48.68,37.45,2248.12,0.155030801537288
1989.33,606.57,48.57,37.47,2327.46,0.150916816268671
1989.42,624,48.62,37.5,2400.67,0.146652274649526
1989.5,638.26,47.52,37.52,2461.98,0.148488340183197
1989.58,665.46,46.46,37.52,2573.4,0.138751437024189
1989.67,664.67,45.34,37.52,2576.93,0.13736843191872
1989.75,661.69,44.62,37.51,2572,0.135926354538994
1989.83,646.43,44.01,37.49,2519.42,0.146046600023368
1989.92,661.34,43.44,37.47,2584.34,0.146304144486807
1990,638.39,42.23,37.45,2501.45,0.149568461844471
1990.08,617.6,41.27,37.41,2426.86,0.149484492302112
1990.17,629.13,40.28,37.37,2479.06,0.150538132674637
1990.25,627.64,39.96,37.33,2480.14,0.152049209421736
1990.33,648.53,39.62,37.29,2569.73,0.144533411513922
1990.42,663.71,39.15,37.25,2636.98,0.144542140407566
1990.5,660.5,39.3,37.22,2631.37,0.145489359988732
1990.58,601.25,39.23,37.19,2402.44,0.157044083591672
1990.67,568.62,39.19,37.16,2279.13,0.161290625479864
1990.75,550.35,38.72,37.14,2213.06,0.158291267185808
1990.83,563.73,38.39,37.12,2274.04,0.154185030250908
1990.92,587.79,38.16,37.09,2378.39,0.145210875036006
1991,578.5,37.65,37.07,2348.07,0.146478314945275
1991.08,642.9,37.32,37.05,2616.72,0.131227298892714
1991.17,659.7,36.98,37.02,2692.4,0.117065441630608
1991.25,671.82,36.03,37,2749.15,0.114794177052291
1991.33,666.86,35.03,36.97,2736.15,0.122260505843317
1991.42,665.43,34.04,36.94,2737.57,0.119302972476432
1991.5,667.86,33.09,36.89,2754.91,0.11589838802811
1991.58,681.96,32.1,36.84,2820.46,0.110978757928239
1991.67,675.14,31.07,36.78,2799.64,0.0981215554412536
1991.75,673.6,29.95,36.71,2800.63,0.101901435100292
1991.83,669.98,28.8,36.63,2792.92,0.107839271716714
1991.92,673.99,27.7,36.55,2816.98,0.108939907852484
1992,720.77,27.8,36.45,3019.9,0.100675824414556
1992.08,712.09,27.83,36.36,2990.95,0.0975526153314974
1992.17,699.59,27.82,36.28,2945.81,0.103922279835111
1992.25,698.67,28.27,36.2,2949.37,0.0992346995005942
1992.33,710.34,28.71,36.13,3006.06,0.0940102844155051
1992.42,696.65,29.09,36.07,2955.53,0.0891384980858974
1992.5,706.7,29.59,36.02,3005.62,0.0748833670289319
1992.58,709.59,30.07,35.98,3025.33,0.0750394637156035
1992.67,708.51,30.54,35.95,3028.19,0.0695324548650642
1992.75,695.92,31.03,35.93,2981.83,0.0695340925629815
1992.83,712.36,31.57,35.92,3059.72,0.0736461785221292
1992.92,734.44,32.18,35.92,3162.04,0.0692446520023877
1993,730.15,32.45,35.93,3151.02,0.0689084668047606
1993.08,738.42,32.75,35.94,3194.18,0.0595884618501263
1993.17,749.94,33.05,35.96,3251.51,0.0584470440672999
1993.25,736.09,32.68,35.98,3198.98,0.0658787981130264
1993.33,738.67,32.35,36,3217.71,0.0709594556784718
1993.42,742.31,32.02,36.02,3241.06,0.0760212781164264
1993.5,741.03,32.62,36.03,3243.04,0.0764791788781649
1993.58,750.28,33.13,36.05,3291.08,0.0743114701751615
1993.67,757.16,33.65,36.07,3328.77,0.0760857672312256
1993.75,761.69,34.32,36.08,3356.25,0.077480830327697
1993.83,759.51,35.1,36.1,3354.21,0.079138042609959
1993.92,764.53,35.9,36.12,3383.98,0.0815631340299829
1994,773.96,36.26,36.14,3433.33,0.0846864738977724
1994.08,769.02,36.58,36.16,3419.06,0.0857286461615936
1994.17,753.78,36.91,36.18,3358.96,0.0852455793021125
1994.25,725.85,38.21,36.19,3242.18,0.0897954843948165
1994.33,731.31,39.53,36.21,3274.29,0.085265779421416
1994.42,735.19,40.73,36.23,3299.42,0.0871532474472667
1994.5,727.68,41.77,36.26,3273.47,0.0857246229566335
1994.58,745.37,42.74,36.3,3360.79,0.0813025739624536
1994.67,747.73,43.76,36.34,3379.21,0.0834550465203348
1994.75,742.19,45.48,36.39,3362.01,0.0835507005486897
1994.83,736.72,47.16,36.45,3345.15,0.0891066386996948
1994.92,727.42,48.9,36.53,3310.89,0.0935683434556882
1995,740.53,49.74,36.62,3378.51,0.089651274427007
1995.08,764.01,50.57,36.73,3493.59,0.0871962032121385
1995.17,779.23,51.43,36.84,3571.13,0.0836920752851578
1995.25,799.91,52.25,36.96,3673.87,0.0772703953602254
1995.33,823.33,53.13,37.09,3789.42,0.0754779786643902
1995.42,846.09,54.01,37.24,3902.21,0.0745904487012516
1995.5,874.35,54.4,37.4,4040.69,0.0722761009967032
1995.58,874.79,54.65,37.57,4050.84,0.0717931721559109
1995.67,903.78,54.94,37.74,4193.25,0.0670990693642406
1995.75,907.3,54.12,37.92,4217.79,0.0634324988069492
1995.83,927.53,53.53,38.09,4320.12,0.065877046772268
1995.92,957.8,52.93,38.27,4469.49,0.0649497578710099
1996,951.99,52.66,38.44,4450.72,0.0661419578102016
1996.08,1003.16,52.53,38.62,4698.36,0.0601547629379866
1996.17,994.21,52.3,38.79,4664.9,0.0618938469051538
1996.25,990.54,52.54,38.96,4656.18,0.0620387112912593
1996.33,1010.12,52.89,39.13,4756.73,0.0584129091424481
1996.42,1020.58,53.3,39.3,4814.51,0.0540335216387042
1996.5,981.4,53.75,39.48,4638.32,0.0584187370437794
1996.58,1007.83,54.2,39.66,4771.95,0.0576047521616068
1996.67,1023.14,54.58,39.84,4853.17,0.0589858264081906
1996.75,1060.07,55.78,40.03,5037.18,0.059383926913344
1996.83,1109.67,57.05,40.23,5281.71,0.0566244913226499
1996.92,1121.1,58.42,40.44,5345.04,0.0574557035281535
1997,1152.12,58.99,40.66,5501.84,0.0548106069394267
1997.08,1196.73,59.56,40.89,5723.83,0.0517513479724165
1997.17,1184.42,60.17,41.12,5673.94,0.0490887113951541
1997.25,1140.79,60.25,41.35,5473.91,0.0564982790631419
1997.33,1244.84,60.44,41.59,5982.24,0.0500180086604349
1997.42,1307.76,60.52,41.84,6293.66,0.0448616565003537
1997.5,1379.17,60.49,42.09,6646.4,0.039802835972544
1997.58,1379.49,60.42,42.33,6657.11,0.0353745580017619
1997.67,1390.59,60.31,42.57,6719.78,0.0372581991873042
1997.75,1408.08,59.71,42.8,6813.47,0.0386602939500289
1997.83,1390.82,59.29,43.01,6739.18,0.0340793865018252
1997.92,1427.32,58.91,43.21,6925.34,0.0326060524192351
1998,1426.14,58.71,43.4,6928.9,0.0249810714468346
1998.08,1512.71,58.51,43.58,7358.87,0.0169301521285621
1998.17,1588.22,58.32,43.75,7735.54,0.00830721285624736
1998.25,1637.36,57.93,43.92,7984.28,0.00869805546142111
1998.33,1628.79,57.54,44.07,7951.95,0.0108168512036491
1998.42,1626.74,57.19,44.2,7951.5,0.00543789452440269
1998.5,1695.39,56.69,44.31,8296.61,-0.00560411883990763
1998.58,1573.32,56.2,44.41,7708.84,0.00422573538090676
1998.67,1492.46,55.7,44.51,7322.31,0.00454108353955363
1998.75,1506.08,55.38,44.59,7398.75,-0.0178884921760363
1998.83,1669.4,55.19,44.67,8210.73,-0.034905698202313
1998.92,1737,55.04,44.74,8552.93,-0.0381783982695284
1999,1818.27,55.23,44.81,8962.83,-0.044143004584119
1999.08,1812.88,55.49,44.87,8946.01,-0.0510478314870676
1999.17,1858.24,55.65,44.93,9179.7,-0.0592503115947431
1999.25,1921.26,56.51,44.99,9500.69,-0.0517625973921984
1999.33,1917.39,57.78,45.05,9491.21,-0.0458140196760408
1999.42,1903.68,59.04,45.13,9433,-0.0433458370011698
1999.5,1981.84,60.27,45.22,9829.93,-0.0459239169502768
1999.58,1900.5,61.53,45.32,9436.19,-0.0347275030407168
1999.67,1878.17,62.64,45.45,9335,-0.0302804110717244
1999.75,1848.99,64.52,45.59,9199.68,-0.026652024157285
1999.83,1977.23,66.48,45.76,9847.44,-0.0313188268477358
1999.92,2030.79,68.47,45.95,10123.91,-0.0317012129050642
2000,2020.39,69.58,46.15,10081.85,-0.0303235240743072
2000.08,1956.76,70.47,46.38,9774.08,-0.0301948101775283
2000.17,2015.29,71.18,46.63,10076.21,-0.0279442021855131
2000.25,2040.86,71.6,46.88,10213.78,-0.025533121236185
2000.33,1978.67,71.97,47.15,9912.25,-0.0285910738630325
2000.42,2028.67,72.05,47.42,10172.43,-0.0344994376503849
2000.5,2039.26,72.7,47.69,10235.11,-0.0352655092831499
2000.58,2056.51,73.52,47.97,10331.22,-0.0354698748724962
2000.67,2021.88,73.96,48.25,10166.66,-0.0307669916085942
2000.75,1911.27,72.14,48.54,9619.91,-0.0211433945600765
2000.83,1893.55,70.4,48.82,9540.09,-0.0179545552906408
2000.92,1829.87,68.74,49.09,9228.64,-0.0112591401355873
2001,1824.79,66.24,49.34,9212.33,-0.00818249849609287
2001.08,1776.87,63.9,49.58,8979.58,-0.00304074410443944
2001.17,1610.04,61.69,49.8,8145.65,0.00462459218695233
2001.25,1609.07,57.55,50.01,8149.77,0.00613883126576487
2001.33,1710.24,53.41,50.19,8671.15,0.000108467825412406
2001.42,1664.81,49.45,50.34,8449.71,-0.000926369061592602
2001.5,1623.32,45.77,50.47,8248.1,0.00446586096942725
2001.58,1588.35,41.97,50.58,8079.37,-0.00472158112229581
2001.67,1401.62,37.98,50.66,7138.49,0.00672889057372084
2001.75,1449.36,36.49,50.72,7390.66,0.00643896109347097
2001.83,1523.41,34.92,50.77,7777.25,0.00316368142356693
2001.92,1550.09,33.43,50.82,7922.53,0.00310524144320978
2002,1540.21,33.36,50.87,7881.1,0.00789038474568282
2002.08,1480.95,33.23,50.92,7586.87,0.0154228224711581
2002.17,1543.74,33.05,50.96,7917.53,0.0132139145797237
2002.25,1479.45,33.77,51,7596.85,0.0170679964864988
2002.33,1435.97,34.67,51.05,7382.64,0.0169051674282228
2002.42,1348.43,35.56,51.1,6941.71,0.0221537749748177
2002.5,1200.25,37.11,51.15,6187.96,0.0371235262255751
2002.58,1208.13,38.58,51.22,6237.59,0.0391793781758558
2002.67,1146.99,40.1,51.29,5930.93,0.0470809649140276
2002.75,1127.7,38.82,51.37,5840.22,0.0485122771681232
2002.83,1200.67,37.62,51.43,6227.21,0.0393088902527521
2002.92,1189.11,36.49,51.48,6176.44,0.0426856716386081
2003,1179.48,37.52,51.52,6135.59,0.0474407857433665
2003.08,1093.62,38.43,51.56,5698.12,0.0567930915154682
2003.17,1099.56,39.38,51.61,5738.21,0.0586180592620333
2003.25,1158.44,41.3,51.66,6054.66,0.0545832275003866
2003.33,1220.21,43.2,51.73,6386.71,0.0534846042312613
2003.42,1286.65,44.99,51.82,6743.66,0.0463450661552172
2003.5,1291.16,46.69,51.93,6776.55,0.0491515987747315
2003.58,1282.36,48.26,52.05,6739.7,0.0498642878479088
2003.67,1316.84,49.84,52.17,6930.31,0.0480622948906375
2003.75,1343.21,54.27,52.31,7078.64,0.048310247639257
2003.83,1361.34,58.81,52.48,7183.9,0.0509518531735458
2003.92,1402.72,63.27,52.67,7412.19,0.0492625805408498
2004,1462.91,64.36,52.9,7740.3,0.0453480080007713
2004.08,1468.98,65.41,53.14,7782.51,0.0442601984548971
2004.17,1434.84,66.38,53.38,7611.76,0.0487226140124408
2004.25,1442.19,67.93,53.62,7661.03,0.0479142661511582
2004.33,1395.12,69.28,53.87,7421.27,0.0524858779527075
2004.42,1428.51,70.81,54.12,7609.31,0.0529697908186049
2004.5,1396.79,71.6,54.37,7450.84,0.0568407201466152
2004.58,1374.7,72.25,54.62,7343.68,0.0570954801883525
2004.67,1407.99,72.78,54.86,7532.24,NA
2004.75,1400.05,72.72,55.1,7500.52,NA
2004.83,1464.11,73.01,55.33,7854.52,NA
2004.92,1507.54,73.6,55.55,8098.49,NA
2005,1482.05,74.19,55.75,7972.61,NA
2005.08,1496.28,74.5,55.96,8060.3,NA
2005.17,1478.81,74.65,56.16,7977.46,NA
2005.25,1431.48,75.4,56.35,7733.41,NA
2005.33,1449.99,76.72,56.54,7844.91,NA
2005.42,1478.73,77.93,56.74,8011.99,NA
2005.5,1496.39,78.88,56.94,8119.36,NA
2005.58,1491.25,79.78,57.14,8103.17,NA
2005.67,1475.23,80.11,57.35,8027.83,NA
2005.75,1431.48,81.29,57.56,7801.61,NA
2005.83,1498.05,83.31,57.79,8176.49,NA
2005.92,1534.17,85.01,58.04,8385.89,NA
2006,1542.66,85.47,58.3,8444.63,NA
2006.08,1537.05,86.39,58.58,8426.34,NA
2006.17,1549.05,87.01,58.86,8504.59,NA
2006.25,1545.99,87,59.15,8500.28,NA
2006.33,1523.99,87.28,59.44,8391.89,NA
2006.42,1477.55,87.83,59.72,8148.85,NA
2006.5,1481.5,89.17,60.01,8183.44,NA
2006.58,1510.17,90.59,60.3,8354.68,NA
2006.67,1553.68,92.64,60.61,8608.49,NA
2006.75,1616.25,94.3,60.93,8968.53,NA
2006.83,1648.65,95.61,61.25,9161.81,NA
2006.92,1679.13,96.63,61.57,9344.86,NA
2007,1683.17,96.98,61.89,9381.08,NA
2007.08,1698.48,97.11,62.2,9480.2,NA
2007.17,1639.06,96.87,62.52,9162.35,NA
2007.25,1694.09,96.92,62.82,9483.87,NA
2007.33,1738.45,97.02,63.13,9746.11,NA
2007.42,1738.59,97.5,63.43,9760.93,NA
2007.5,1746.52,95.11,63.74,9819.66,NA
2007.58,1673.68,92.86,64.03,9424.55,NA
2007.67,1717.85,90.19,64.3,9687.77,NA
2007.75,1762.89,85.26,64.55,9956.43,NA
2007.83,1665.67,80.04,64.76,9422.06,NA
2007.92,1684.82,75.38,64.93,9545.26,NA
2008,1562.63,72.82,65.07,8867.94,NA
2008.08,1531.1,70.43,65.19,8704.07,NA
2008.17,1475.45,67.66,65.29,8402.71,NA
2008.25,1526.17,63.9,65.37,8706.58,NA
2008.33,1549.59,60.05,65.42,8855.2,NA
2008.42,1466.38,56.16,65.44,8394.63,NA
2008.5,1367.45,53.9,65.43,7843.21,NA
2008.58,1399.29,52.15,65.4,8040.86,NA
2008.67,1330.68,50.24,65.37,7661.7,NA
2008.75,1070.15,39.32,65.33,6176.84,NA
2008.83,994.46,28.42,65.19,5755.45,NA
2008.92,998.62,16.93,64.97,5795.09,NA
2009,980.72,13.83,64.65,5706.56,NA
2009.08,907.83,10.75,64.31,5297.52,NA
2009.17,851.53,7.72,63.93,4983.9,NA
2009.25,951.52,7.94,63.53,5583.75,NA
2009.33,1009.48,8.16,63.13,5938.16,NA
2009.42,1027.18,8.33,62.71,6056.19,NA
2009.5,1039.58,10.21,62.29,6143,NA
2009.58,1119.18,12.04,61.88,6626.68,NA
2009.67,1157.05,13.89,61.46,6863.98,NA
2009.75,1181.51,28.05,61.06,7021.89,NA
2009.83,1203.24,42.2,60.75,7163.61,NA
2009.92,1230.08,56.46,60.55,7335.71,NA
2010,1240.47,59.94,60.45,7409.84,NA
2010.08,1202.17,63.59,60.37,7193.18,NA
2010.17,1266.38,66.98,60.31,7589.43,NA
2010.25,1313.86,69.12,60.28,7886.01,NA
2010.33,1233.61,71.32,60.26,7416.4,NA
2010.42,1189.05,73.65,60.25,7160.61,NA
2010.5,1184.89,75.37,60.26,7147.77,NA
2010.58,1191.45,77.01,60.29,7199.62,NA
2010.67,1228.87,78.7,60.32,7438.07,NA
2010.75,1281.49,80.6,60.36,7768.94,NA
2010.83,1310.81,82.57,60.43,7959.18,NA
2010.92,1355.1,84.43,60.53,8240.67,NA
2011,1393.31,85.46,60.66,8485.69,NA
2011.08,1428.09,86.47,60.82,8710.24,NA
2011.17,1396.5,87.05,61.01,8530.29,NA
2011.25,1416.31,87.4,61.22,8664.12,NA
2011.33,1416.87,87.89,61.47,8680.56,NA
2011.42,1364.32,88.89,61.75,8371.76,NA
2011.5,1403.24,89.91,62.08,8623.94,NA
2011.58,1251.67,90.76,62.45,7705.9,NA
2011.67,1237.72,91.71,62.86,7633.64,NA
2011.75,1275.51,91.89,63.3,7880.57,NA
2011.83,1296.89,91.96,63.77,8026.83,NA
2011.92,1318.01,92.17,64.24,8172.01,NA
2012,1372.67,92.33,64.73,8525.5,NA
2012.08,1421.2,92.48,65.22,8841.62,NA
2012.17,1448.81,92.34,65.72,9028.2,NA
2012.25,1441.53,91.84,66.21,8997.74,NA
2012.33,1396.21,91.74,66.69,8730.04,NA
2012.42,1379.72,91.66,67.17,8642.29,NA
2012.5,1419.87,91.31,67.64,8909.48,NA
2012.58,1457.36,90.31,68.09,9160.56,NA
2012.67,1492.21,89.42,68.52,9395.62,NA
2012.75,1487,89.46,68.93,9379.17,NA
2012.83,1449.07,89.89,69.35,9156.72,NA
2012.92,1481.93,90.14,69.79,9381.5,NA
2013,1537.93,90.28,70.24,9753.29,NA
2013.08,1558.32,89.96,70.68,9899.91,NA
2013.17,1593.84,90.13,71.1,10143.07,NA
2013.25,1615.94,91.34,71.53,10301.45,NA
2013.33,1684.08,92.29,71.94,10753.73,NA
2013.42,1658.46,93.18,72.35,10608.28,NA
2013.5,1708.92,94.31,72.76,10949.42,NA
2013.58,1708.31,95.36,73.15,10964.08,NA
2013.67,1723.77,96.42,73.54,11082.14,NA
2013.75,1761.88,98.66,73.93,11346.14,NA
2013.83,1830.68,100.85,74.3,11808.33,NA
2013.92,1855.72,102.86,74.65,11989.15,NA
2014,1863.75,102.7,74.98,12060.54,NA
2014.08,1851.46,102.54,75.3,12000.71,NA
2014.17,1886.67,102.1,75.61,12248.74,NA
2014.25,1881.22,102.32,75.91,12233.33,NA
2014.33,1900.33,102.53,76.2,12377.73,NA
2014.42,1954.33,102.74,76.47,12749.83,NA
2014.5,1982.01,102.96,76.74,12950.92,NA
2014.58,1955.06,103.17,77,12795.46,NA
